org.junit.platform.commons.util.StringUtils.nullSafeToString,0.4361
sun.security.provider.SHA.implCompress0,1.7063
sun.reflect.annotation.AnnotationInvocationHandler.memberValueHashCode,1.2013
org.apache.maven.surefire.booter.spi.EventChannelEncoder.encode,0.7592
java.nio.file.Files.read,0.3722
jdk.internal.icu.impl.NormalizerImpl.load,0.4199
java.lang.StringConcatHelper.newArray,0.3723
java.util.Collections$3.hasMoreElements,0.4049
java.util.AbstractList$RandomAccessSubList.<init>,0.3722
org.apache.commons.compress.archivers.tar.TarUtils.computeCheckSum,1.1284
java.math.BigDecimal.divide,0.4140
org.apache.maven.surefire.api.stream.AbstractStreamDecoder.read,0.0062
org.apache.commons.compress.harmony.pack200.BHSDCodec.encode,14.3956
org.junit.jupiter.api.Assumptions.assumeFalse,0.3443
java.lang.reflect.AccessibleObject.setAccessible,0.3250
sun.nio.fs.UnixPath.getName,0.4199
org.eclipse.collections.impl.map.mutable.UnifiedMap.put,0.4154
org.apache.commons.compress.harmony.pack200.Codec.decodeInts,1.5500
java.util.stream.ReferencePipeline$4$1.<init>,0.3869
sun.nio.cs.UTF_8.updatePositions,0.3869
java.security.Provider.<init>,0.4199
org.junit.jupiter.engine.extension.DisabledCondition.toResult,0.4098
org.apache.commons.compress.archivers.zip.ParallelScatterZipCreatorTest.removeEntriesFoundInZipFile,0.3588
java.math.BigInteger.subtract,0.3723
java.util.concurrent.locks.AbstractQueuedSynchronizer$Node.clearStatus,0.0000
org.apache.commons.compress.archivers.zip.ZipArchiveEntry.setExtraFields,1.9451
sun.util.calendar.ZoneInfo.getLastRuleInstance,0.3588
java.lang.reflect.Method.copy,0.4140
java.util.concurrent.ConcurrentHashMap.putVal,1.7605
java.lang.reflect.Parameter.getType,0.3723
com.github.luben.zstd.ZstdInputStreamNoFinalizer.<init>,2.1178
org.apache.commons.compress.changes.ChangeSet.delete,1.7063
java.lang.invoke.LambdaForm$DMH/0x000000005a3ec000.invokeVirtual,0.4036
java.util.concurrent.ConcurrentHashMap.putIfAbsent,0.4102
jdk.internal.misc.ScopedMemoryAccess.putIntUnalignedInternal,0.4036
java.util.concurrent.ConcurrentHashMap.remove,0.3003
org.junit.platform.engine.support.store.Namespace.equals,0.3723
org.apache.commons.compress.AbstractTest.consumeEntries,0.0000
java.util.zip.ZipFile$Source.getEntryPos,2.4282
org.apache.commons.compress.archivers.zip.ZipFile$BoundedFileChannelInputStream.read,0.3722
java.util.zip.CRC32.updateBytes,0.3722
java.util.DualPivotQuicksort.sort,0.3869
java.util.Arrays.fill,0.7235
org.apache.commons.io.IOUtils.copyLarge,3.7632
org.apache.commons.compress.compressors.lz4.BlockLZ4CompressorOutputStream$Pair.writeLength,0.3039
java.lang.reflect.Method.invoke,0.4136
java.text.Normalizer.normalize,0.4199
org.apache.commons.compress.harmony.unpack200.IcBands.getRelevantIcTuples,0.5682
org.apache.commons.compress.archivers.tar.TarArchiveEntry.parseUstarHeaderBlock,0.0000
java.util.Spliterators$IteratorSpliterator.estimateSize,0.7143
org.apache.commons.compress.compressors.lz4.XXHash32Test.verifyChecksum,0.3777
org.apache.commons.compress.archivers.zip.BinaryTree.decode,0.3722
java.lang.invoke.BootstrapMethodInvoker.invoke,0.4102
sun.net.util.IPAddressUtil.checkAuthority,0.3722
org.apache.commons.compress.archivers.tar.TarArchiveInputStream.isEOFRecord,0.0000
org.apache.commons.compress.archivers.zip.ZipUtil.supportsMethodOf,275.6750
org.apache.commons.compress.harmony.unpack200.bytecode.ByteCode.extractOperands,0.5682
org.apache.commons.compress.archivers.tar.SparseFilesTest.testMaximallyFragmentedTarStream,0.6767
java.lang.reflect.Executable.getAnnotation,0.4102
sun.security.x509.X509CertInfo.parse,0.4199
org.apache.maven.surefire.api.stream.AbstractStreamEncoder.encodeHeader,0.3723
org.apache.commons.compress.archivers.tar.TarArchiveEntry.getOrderedSparseHeaders,1.4471
com.github.marschall.memoryfilesystem.AbstractPath.createRelative,0.4049
org.apache.commons.compress.archivers.zip.ZipArchiveInputStream.read,3.8062
java.math.BigDecimal.divideToIntegralValue,0.4098
java.util.TreeMap.compare,0.5682
java.lang.Throwable.fillInStackTrace,13.0672
java.lang.Class.getDeclaredFields,0.4140
jdk.internal.constant.ConstantUtils.referenceClassDesc,0.8335
java.lang.invoke.MethodHandles$Lookup.revealDirect,0.7235
java.util.HashMap.get,0.3588
org.junit.jupiter.engine.extension.ExtensionRegistry.getExtensions,0.4102
java.lang.invoke.VarHandleReferences$FieldInstanceReadWrite.weakCompareAndSet,0.0000
java.util.zip.ZipFile$ZipFileInputStream.read,0.3869
org.apache.maven.surefire.shared.lang3.JavaVersion.toFloatVersion,0.4102
sun.nio.fs.UnixNativeDispatcher.close0,1.8175
jdk.internal.classfile.impl.AbstractPoolEntry.hashClassFromUtf8,0.4199
java.util.concurrent.ConcurrentLinkedDeque$AbstractItr.next,0.8098
jdk.internal.misc.Unsafe.park,126.5508
org.apache.commons.compress.archivers.zip.ZipFile.populateFromCentralDirectory,0.3588
org.junit.platform.engine.ConfigurationParameters.get,0.4432
java.util.TimSort.binarySort,0.4432
org.junit.jupiter.engine.descriptor.TestMethodTestDescriptor.lambda$prepare$0,0.9323
java.lang.Class.privateGetDeclaredFields,0.4102
java.math.BigInteger.parseInt,0.0000
java.util.stream.ReduceOps$ReduceOp.evaluateSequential,0.4102
java.lang.String.endsWith,1.4695
org.apache.commons.compress.archivers.cpio.CpioUtil.fileType,0.3723
org.apache.commons.compress.archivers.ArchiveStreamFactory.detect,0.4140
java.lang.Runtime.totalMemory,1.8963
org.junit.jupiter.engine.descriptor.JupiterEngineExtensionContext.getTestInstances,0.4098
org.apache.maven.surefire.api.util.internal.AbstractNoninterruptibleReadableChannel.isOpen,0.0054
org.apache.maven.surefire.api.stream.AbstractStreamEncoder.estimateBufferLength,0.3383
org.apache.commons.io.input.BoundedInputStream$Builder.setMaxCount,0.3515
org.apache.commons.compress.archivers.tar.TarFile.buildSparseInputStreams,1.0619
java.io.BufferedInputStream.getBufIfOpen,0.0000
java.lang.ClassLoader.findLoadedClass0,3.6525
org.junit.platform.launcher.core.CompositeEngineExecutionListener.lambda$executionFinished$6,0.5183
java.util.Collections$SynchronizedCollection.forEach,0.4432
java.lang.invoke.DirectMethodHandle.allocateInstance,0.4098
java.util.TreeMap.successor,1.4197
java.lang.invoke.LambdaForm$Name.<init>,0.4199
java.io.RandomAccessFile.seek0,0.8023
org.apache.commons.compress.compressors.bzip2.BZip2CompressorInputStream.getAndMoveToFrontDecode,4.3135
java.lang.ref.Reference.refersTo,0.3722
org.eclipse.collections.impl.list.mutable.FastList.<init>,0.3777
java.util.HashMap.putVal,5.2344
org.apache.commons.compress.archivers.tar.TarArchiveInputStreamTest.getNextEntryUntilIOException,0.7235
net.bytebuddy.implementation.bytecode.constant.MethodConstant$CachedMethod.<init>,0.3011
com.github.luben.zstd.NoPool.get,3.9216
shaded.org.apache.commons.lang3.StringUtils.repeat,12.9863
java.util.AbstractMap.isEmpty,0.3869
org.apache.commons.compress.archivers.tar.TarArchiveInputStream.<init>,0.0000
org.junit.jupiter.params.ParameterizedTestExtension.getStore,0.4140
java.util.Spliterators$ArraySpliterator.forEachRemaining,0.4361
java.io.ObjectStreamClass.lookup,0.4102
java.util.concurrent.ThreadPoolExecutor.getTask,0.0000
sun.nio.fs.UnixPath.resolve,0.7579
sun.security.provider.SHA2.implCompress0,0.8399
org.apache.commons.compress.compressors.bzip2.BZip2CompressorInputStreamTest.testReadOfLength0ShouldReturn0,0.9431
jdk.internal.misc.VM.getNanoTimeAdjustment,0.3722
java.lang.StringLatin1.inflate,0.4140
java.util.stream.ReferencePipeline$3$1.accept,4.0450
org.apache.commons.compress.harmony.pack200.ClassBands.addLineNumber,0.3869
org.junit.platform.engine.ConfigurationParameters$$Lambda/0x000000005a089c88.<init>,0.4432
jdk.internal.ref.CleanerImpl.getCleanerImpl,0.3722
sun.nio.ch.ChannelOutputStream.writeFully,1.1570
java.util.zip.GZIPInputStream.read,0.0000
java.util.HashMap$TreeNode.find,1.1892
sun.reflect.annotation.AnnotationParser.toArray,0.3723
java.lang.StringLatin1.hashCode,0.4432
java.util.Collections$UnmodifiableCollection$1.<init>,0.4258
java.util.zip.ZipEntry.setExtra0,0.4102
java.lang.ref.Reference.getAndClearReferencePendingList,8.6717
jdk.internal.misc.Unsafe.copyMemory0,0.4098
sun.nio.fs.UnixNativeDispatcher.lstat0,4.4404
org.junit.platform.engine.support.hierarchical.NodeTestTask.reportCompletion,0.3515
org.apache.commons.compress.harmony.pack200.CpBands.getConstant,0.3869
org.apache.commons.compress.compressors.bzip2.BZip2CompressorInputStreamTest.testFinishClose,0.6287
sun.security.util.CurveDB.add,0.4199
java.lang.invoke.LambdaForm$DMH/0x000000005a06c400.invokeVirtual,0.4049
sun.reflect.generics.parser.SignatureParser.skipIdentifier,1.3292
java.io.PushbackInputStream.available,11.9452
org.apache.commons.io.output.UnsynchronizedByteArrayOutputStream.builder,18.7834
org.apache.commons.io.FileUtils.checkExists,0.4199
org.tukaani.xz.ArrayCache.getIntArray,32.2743
java.lang.StringLatin1.regionMatchesCI,0.3443
java.util.zip.Inflater.reset,0.4140
java.math.BigDecimal.setScale,0.3515
org.apache.commons.compress.harmony.unpack200.bytecode.forms.ReferenceForm.setByteCodeOperands,0.4154
org.apache.commons.compress.harmony.unpack200.bytecode.LocalVariableTypeTableAttribute.resolve,0.3869
org.objectweb.asm.ClassReader.readUtf,2.1185
org.junit.jupiter.engine.descriptor.MethodExtensionContext$$Lambda/0x000000005a17eb88.apply,0.4136
java.lang.ref.Reference.refersToImpl,0.3723
org.apache.commons.compress.utils.BitInputStream.readBits,0.3723
java.lang.Class.forName0,4.0409
java.util.regex.Matcher.reset,0.8459
org.apache.commons.io.output.UnsynchronizedByteArrayOutputStream.<init>,0.7637
org.objectweb.asm.ClassReader.getClassName,0.3869
org.apache.commons.compress.archivers.ArchiveInputStream.count,3.9878
org.apache.commons.compress.archivers.sevenz.SevenZFile$Builder.getName,0.3722
java.lang.Long.numberOfLeadingZeros,0.3723
java.util.TimeZone.clone,0.4098
org.junit.platform.commons.util.ReflectionUtils.isMethodOverriddenBy,0.4102
java.lang.invoke.VarHandleByteArrayAsInts$ArrayHandle.set,0.3208
java.lang.reflect.ReflectAccess.copyMethod,0.4098
org.junit.platform.commons.util.AnnotationUtils.isAnnotated,0.4102
org.apache.maven.surefire.junitplatform.RunListenerAdapter.executionStarted,0.4136
java.util.ArrayList.grow,4.1697
org.apache.commons.io.IOUtils.copy,1.7063
org.apache.commons.compress.utils.FixedLengthBlockOutputStreamTest.validate,0.4136
sun.reflect.generics.parser.SignatureParser.parsePackageNameAndSimpleClassTypeSignature,1.2636
java.util.Random.nextDouble,0.3144
java.lang.Thread.sleepNanos0,1.5406
com.github.luben.zstd.ZstdInputStream.read,1.7065
org.junit.platform.commons.util.ReflectionUtils.defaultFieldSorter,0.7235
org.junit.jupiter.engine.execution.InvocationInterceptorChain$ValidatingInvocation.<init>,0.3723
java.nio.charset.CharsetDecoder.<init>,0.3723
java.lang.StringCoding.countNonZeroAsciiLatin1,0.8301
java.net.URL.toExternalForm,0.3443
org.apache.commons.compress.archivers.zip.ZipArchiveOutputStream.writeCentralDirectoryInChunks,0.4049
java.util.LinkedHashSet.<init>,1.2670
java.lang.System.arraycopy,1.9574
java.nio.file.TempFileHelper.create,0.3250
java.util.stream.Streams$ConcatSpliterator.forEachRemaining,0.4154
org.junit.jupiter.engine.extension.TimeoutConfiguration.parseTimeoutDuration,0.3003
org.apache.commons.compress.compressors.lz77support.LZ77Compressor.slide,2.6310
org.tukaani.xz.lzma.LZMADecoder.decodeMatch,0.4102
java.util.Optional.filter,1.1718
jdk.internal.misc.ScopedMemoryAccess.getCharUnalignedInternal,0.4102
org.apache.commons.compress.archivers.zip.ZipArchiveInputStream.getNextZipEntry,2.0099
org.apache.commons.compress.compressors.bzip2.BZip2CompressorOutputStream.write,0.3144
org.apache.commons.compress.compressors.lz77support.AbstractLZ77CompressorInputStream.readBackReference,0.3777
jdk.internal.classfile.impl.DirectCodeBuilder.writeExceptionHandlers,0.3723
java.lang.Class.copyMethods,1.4871
org.objectweb.asm.ClassReader.accept,0.4154
sun.nio.cs.StreamDecoder.<init>,0.8005
org.apache.commons.compress.archivers.tar.TarFile.readOldGNUSparse,0.4199
java.lang.ref.PhantomReference.clear0,1.3451
java.lang.String.lastIndexOf,0.7640
org.junit.platform.engine.UniqueIdFormat.encode,0.7052
java.lang.Object.<init>,0.6500
org.apache.commons.compress.harmony.pack200.CpBands.addIndices,1.4197
java.lang.ProcessImpl.forkAndExec,3.0272
org.apache.commons.compress.archivers.zip.ParallelScatterZipCreator$$Lambda/0x000000005a3356a8.<init>,0.4049
java.util.concurrent.ConcurrentLinkedQueue.offer,0.0000
org.junit.platform.engine.TestDescriptor.isTest,0.4102
java.util.regex.Pattern.split,1.4002
java.util.concurrent.locks.ReentrantReadWriteLock$FairSync.writerShouldBlock,0.4361
com.github.luben.zstd.ZstdOutputStreamNoFinalizer.compressStream,281.0701
java.security.SecureClassLoader$CodeSourceKey.<init>,0.4102
java.io.FileDescriptor.close0,1.0566
java.net.URLStreamHandler.sameFile,0.4098
java.util.stream.AbstractPipeline.sourceStageSpliterator,0.5682
org.apache.commons.compress.harmony.unpack200.bytecode.CPMethodRef.hashCode,0.5682
java.lang.classfile.TypeKind.from,0.4102
java.util.ArrayList.forEach,1.6099
java.lang.ThreadLocal.set,0.8459
org.junit.platform.engine.UniqueIdFormat.format,0.4361
org.objectweb.asm.ClassReader.getFirstAttributeOffset,0.4361
java.lang.String.getBytes,0.7312
java.lang.StringConcatHelper.concat0,0.4432
net.bytebuddy.description.method.MethodDescription$ForLoadedMethod.isConstructor,0.3723
java.lang.StringBuilder.append,6.0758
org.apache.commons.compress.archivers.tar.AbstractTarBuilder.setBlockSize,0.0000
sun.nio.fs.UnixChannelFactory$Flags.toFlags,0.8194
org.apache.commons.compress.compressors.bzip2.BlockSort.mainSimpleSort,3.3653
java.util.BitSet.get,0.4102
java.io.InputStream.transferTo,0.4140
java.util.jar.JarFile$JarFileEntry.getCodeSigners,0.4102
sun.nio.cs.US_ASCII$Encoder.encodeLoop,0.8516
java.io.UnixFileSystem.createFileExclusively0,0.7685
org.apache.commons.compress.archivers.CpioTest.testCpioUnarchive,0.4098
org.brotli.dec.Dictionary$DataHolder.<clinit>,0.5909
java.util.Formatter.toString,0.3250
java.lang.classfile.constantpool.ConstantPoolBuilder.of,0.7165
org.tukaani.xz.lzma.LZMADecoder.decode,13.1647
java.util.TreeMap.put,5.5106
org.mockito.internal.invocation.MatchersBinder.bindMatchers,1.7063
org.objectweb.asm.ClassReader.readStringish,0.8515
org.apache.commons.compress.utils.ByteUtils$OutputStreamByteConsumer.accept,0.4140
org.apache.commons.compress.harmony.unpack200.Segment.parseSegment,0.4154
org.apache.commons.compress.archivers.dump.DumpArchiveInputStreamTest.createArchive,0.3443
java.util.HashMap.getNode,5.9196
org.apache.commons.compress.harmony.pack200.BcBands.updateRenumbering,0.8515
com.github.luben.zstd.ZstdInputStreamNoFinalizer.freeDStream,1.2863
org.apache.commons.compress.harmony.pack200.FileBands.<init>,0.5682
org.apache.commons.io.input.BoundedInputStream.getRemaining,3.9312
java.lang.String.toCharArray,0.8722
java.lang.invoke.MethodHandle.<init>,0.8154
java.util.concurrent.locks.AbstractQueuedLongSynchronizer.release,0.3208
org.junit.platform.launcher.TestIdentifier.copyOf,0.4432
org.eclipse.collections.impl.map.mutable.UnifiedMap.index,0.5682
org.junit.platform.commons.util.AnnotationUtils.findAnnotation,5.5589
java.lang.StringBuilder.toString,1.7500
sun.reflect.annotation.AnnotatedTypeFactory$AnnotatedTypeBaseImpl.<init>,0.4049
java.nio.file.Path.resolve,0.3722
org.apache.commons.io.output.ByteArrayOutputStream.write,0.0000
org.apache.commons.compress.harmony.unpack200.bytecode.CodeAttribute.writeBody,0.4136
org.junit.jupiter.params.support.AnnotationConsumerInitializer$AnnotationConsumingMethodSignature.isMatchingWith,0.4361
org.apache.commons.compress.archivers.zip.ZipFile.resolveLocalFileHeaderData,1.2293
java.util.zip.Deflater.reset,0.0000
org.apache.commons.compress.archivers.sevenz.SevenZHugeNextHeaderTest.crc32OfZeros,0.8516
java.util.regex.Pattern$GroupTail.match,0.3250
java.util.Collections$3.nextElement,0.4049
jdk.internal.loader.URLClassPath$FileLoader.getResource,0.0000
net.bytebuddy.description.type.TypeDescription.<clinit>,0.3723
java.lang.Runtime.gc,3.6546
com.github.marschall.memoryfilesystem.MemoryFileSystem.<init>,0.4049
sun.nio.ch.FileChannelImpl.position,1.1530
org.tukaani.xz.lz.LZDecoder.repeat,0.3115
org.apache.commons.compress.archivers.tar.TarUtils.parsePaxHeaders,0.0000
org.apache.commons.compress.harmony.unpack200.BandSet.parseReferences,0.4136
org.apache.commons.io.Charsets.toCharset,0.3443
org.junit.platform.engine.UniqueId.append,0.4036
org.apache.commons.io.build.AbstractStreamBuilder.setCharsetDefault,0.4049
org.apache.commons.compress.archivers.sevenz.BoundedSeekableByteChannelInputStream.read,1.0140
com.github.luben.zstd.ZstdOutputStreamNoFinalizer.endStream,2.2548
org.apache.commons.io.output.UnsynchronizedByteArrayOutputStream.toByteArray,0.7235
java.util.Random.next,0.3208
org.apache.commons.compress.harmony.unpack200.ClassBands$$Lambda/0x000000005a3b7950.<init>,0.3777
java.lang.Object.clone,3.0795
java.util.stream.ReduceOps$3ReducingSink.accept,1.2910
org.apache.commons.compress.utils.MultiReadOnlySeekableByteChannelTest.check,0.4136
org.apache.commons.compress.harmony.unpack200.bytecode.BCIRenumberedAttribute.renumber,0.9836
com.github.luben.zstd.ZstdInputStreamNoFinalizer.close,0.4601
org.apache.commons.compress.harmony.unpack200.bytecode.ClassConstantPool.sortClassPool,0.3869
java.lang.reflect.Executable.declaredAnnotations,0.4432
java.util.stream.Sink$ChainedReference.end,1.2642
org.apache.commons.compress.archivers.zip.ZipArchiveInputStream.findEocdRecord,0.4140
org.apache.commons.compress.harmony.unpack200.CpBands$$Lambda/0x000000005a3b4b08.<init>,0.4136
org.apache.commons.compress.harmony.unpack200.ClassBands.parseMethodAttrBands,0.9551
java.util.stream.Nodes$IntArrayNode.<init>,0.4154
org.junit.jupiter.engine.descriptor.TestTemplateTestDescriptor.prepare,0.4102
org.junit.jupiter.engine.extension.TimeoutExtension.interceptLifecycleMethod,0.5183
org.junit.platform.commons.support.AnnotationSupport.findAnnotatedFields,0.3250
java.lang.ClassLoader.preDefineClass,0.4136
java.lang.Object.hashCode,2.5143
org.apache.commons.compress.archivers.examples.Expander.expand,0.4102
org.apache.commons.io.input.BoundedInputStream.<init>,0.3383
sun.nio.fs.UnixNativeDispatcher.mkdir0,10.6692
org.junit.jupiter.engine.descriptor.ClassBasedTestDescriptor.invokeBeforeAllMethods,0.4098
org.apache.commons.compress.harmony.unpack200.bytecode.ByteCode.getLength,0.3869
org.apache.commons.io.IOUtils.byteArray,3.4715
org.apache.commons.compress.archivers.dump.DumpArchiveInputStream.getPath,4.1995
org.apache.commons.compress.archivers.tar.TarUtils.verifyCheckSum,1.1646
java.math.BigDecimal.divideAndRound,0.7613
java.net.URLDecoder.decode,1.1615
org.apache.commons.compress.archivers.sevenz.SevenZFile$1.<init>,0.3443
java.util.stream.Streams$ConcatSpliterator.estimateSize,0.3777
sun.reflect.generics.tree.ClassTypeSignature.accept,0.4036
java.util.Arrays.binarySearch0,0.4098
java.util.GregorianCalendar.computeTime,0.5183
org.apache.commons.compress.archivers.zip.ZipMethod.isZstd,1.9451
org.apache.commons.compress.harmony.pack200.BandSet$BandData.<init>,2.3785
org.apache.commons.io.output.AbstractByteArrayOutputStream.toByteArrayImpl,0.3201
jdk.internal.reflect.MethodHandleAccessorFactory.useNativeAccessor,0.3777
net.bytebuddy.utility.dispatcher.JavaDispatcher$DynamicClassLoader.invoker,0.3723
org.junit.jupiter.engine.execution.DefaultTestInstances.<init>,0.4098
java.util.regex.Pattern$CharPropertyGreedy.match,7.4034
java.io.FilterInputStream.read,7.1067
java.lang.ThreadLocal.get,0.7235
org.tukaani.xz.rangecoder.RangeDecoder.decodeBitTree,24.2931
java.text.FieldPosition.<init>,0.4098
sun.nio.fs.UnixPath.initOffsets,1.1088
net.bytebuddy.description.field.FieldDescription$Token.asSignatureToken,0.3723
org.apache.commons.compress.archivers.examples.ParameterizedArchiverTest.assertDir,0.3443
org.junit.jupiter.engine.execution.ConditionEvaluator.evaluate,2.6517
org.junit.jupiter.engine.extension.AutoCloseExtension.closeFields,0.4049
org.apache.commons.compress.harmony.pack200.BcBands.visitJumpInsn,0.4361
org.apache.commons.compress.compressors.lz4.BlockLZ4CompressorOutputStream$$Lambda/0x000000005a3d71a8.<init>,0.3039
sun.nio.cs.StreamEncoder.implWrite,0.4258
java.util.stream.AbstractPipeline.evaluate,0.7105
java.lang.String.encodeUTF8_UTF16,0.4049
java.util.Collections$UnmodifiableCollection.size,2.5405
org.apache.commons.compress.harmony.unpack200.Segment.buildClassFile,0.4136
org.junit.jupiter.engine.descriptor.ClassExtensionContext.getElement,0.3443
org.apache.commons.compress.compressors.deflate64.Deflate64BugsTest.testReadBeyondMemoryException,0.3011
org.apache.commons.compress.compressors.snappy.FramedSnappyCompressorInputStreamTest.generateTestData,0.3777
org.apache.commons.compress.compressors.lz4.BlockLZ4CompressorInputStreamTest.testReadBlaLz4,0.3011
org.apache.commons.compress.harmony.unpack200.bytecode.CPUTF8.generateHashCode,0.3869
sun.nio.fs.UnixNativeDispatcher.fdopendir,0.7583
org.apache.commons.io.input.BoundedInputStream.available,542.1963
org.apache.commons.compress.archivers.zip.ZipArchiveInputStream$BoundCountInputStream.read,8.5323
java.util.stream.ReduceOps$8ReducingSink.begin,0.3515
java.lang.ref.Finalizer$FinalizerThread.run,1.2150
java.util.TimSort.reverseRange,0.4049
org.apache.commons.compress.compressors.zstandard.ZstdCompressorInputStream.read,1.8977
java.lang.reflect.Constructor.copy,0.4140
org.junit.jupiter.engine.extension.TempDirectory$CloseablePath$1$$Lambda/0x000000005a17bb10.<init>,0.3723
org.apache.commons.compress.compressors.bzip2.CRC.update,0.9299
java.util.AbstractSet.equals,0.4432
org.apache.commons.compress.archivers.zip.StreamCompressor.writeDeflated,0.0000
java.lang.invoke.InvokerBytecodeGenerator.emitPushArgument,0.4102
java.math.BigDecimal.multiply,0.0000
org.apache.maven.surefire.booter.SystemPropertyManager.loadProperties,0.4102
org.apache.commons.compress.compressors.lz4.BlockLZ4CompressorOutputStream.rewriteLastPairs,0.3039
java.nio.HeapByteBuffer.<init>,1.0867
jdk.internal.loader.NativeLibraries.loadLibrary,0.4136
org.junit.jupiter.api.extension.TestInstancePreDestroyCallback.preDestroyTestInstances,0.4102
org.apache.maven.surefire.api.util.internal.Channels$3.readImpl,0.0041
java.util.Formatter$FormatSpecifier.checkDateTime,1.1364
java.util.LinkedHashMap.keysToArray,1.2966
java.util.zip.Deflater.deflate,0.3722
sun.nio.ch.UnixFileDispatcherImpl.pread0,0.4049
org.apache.commons.compress.utils.ByteUtils.fromLittleEndian,0.2955
org.apache.commons.compress.archivers.zip.ZipArchiveEntry.setName,0.4098
org.apache.commons.compress.harmony.pack200.BHSDCodec.hashCode,0.3869
java.lang.invoke.InvokerBytecodeGenerator$4.<init>,0.4098
java.io.FileInputStream.open0,0.2955
java.lang.reflect.Field.hashCode,0.4258
jdk.internal.reflect.Reflection.getCallerClass,5.7770
java.math.MutableBigInteger.divideKnuth,1.5745
java.util.Formatter.parse,0.8138
org.mockito.internal.creation.instance.ObjenesisInstantiator.<init>,0.3723
jdk.internal.classfile.impl.StackCounter.of,0.3723
org.apache.maven.surefire.api.util.internal.AbstractNoninterruptibleReadableChannel.read,0.0047
org.apache.commons.compress.harmony.pack200.CPClass.<init>,0.4361
sun.security.provider.SHA.implDigest,2.2246
jdk.internal.classfile.impl.SplitConstantPool.cloneClassEntry,0.4102
org.apache.commons.compress.archivers.sevenz.SevenZOutputFile.<init>,0.4199
org.junit.jupiter.params.ParameterizedInvocationNameFormatter$MessageFormatPartialFormatter.makeReadable,0.4098
org.apache.commons.compress.harmony.unpack200.bytecode.ClassFile.write,0.3869
java.lang.Class.getInterfaces,0.7545
org.apache.commons.compress.compressors.lz4.BlockLZ4CompressorOutputStream.recordLiteral,0.3201
java.io.FileInputStream.readBytes,277.0651
org.apache.maven.surefire.junitplatform.RunListenerAdapter.findTopParent,0.4199
org.apache.commons.compress.compressors.snappy.FramedSnappyCompressorInputStreamTest.testWriteDataLargerThanBufferOneCall,0.3777
java.util.ArrayDeque.poll,0.4102
java.math.BigDecimal.fractionOnly,0.0000
java.lang.invoke.MethodHandleNatives.resolve,4.4298
org.apache.commons.compress.harmony.unpack200.BcBands.read,2.2014
java.math.BigInteger.implSquareToLen,0.7923
org.apache.commons.compress.utils.BitInputStream.ensureCache,1.5405
org.apache.commons.compress.archivers.zip.ZipFile.getInputStream,0.3588
sun.nio.fs.LinuxFileSystemProvider.getFileAttributeView,0.4432
org.apache.commons.compress.harmony.unpack200.CpBands.cpSignatureValue,0.4136
org.apache.commons.compress.compressors.lz4.BlockLZ4CompressorOutputStream$Pair.canBeWritten,0.3011
java.util.ImmutableCollections$SetN.iterator,0.3443
org.apache.commons.compress.archivers.ListerTest.testMain,0.4098
java.lang.reflect.Executable.getParameters0,0.8009
sun.reflect.annotation.AnnotationInvocationHandler.invoke,3.2406
java.util.Locale.isUnicodeExtensionKey,0.4098
java.util.Collections$UnmodifiableMap.entrySet,0.7235
java.lang.String.split,1.2237
java.util.HashMap$Values.spliterator,0.7235
org.junit.jupiter.api.extension.ExtensionContext$Namespace.append,0.4036
java.nio.file.TempFileHelper.generatePath,0.3443
org.apache.commons.compress.archivers.zip.ZipArchiveInputStream.closeEntry,0.5183
org.apache.commons.compress.harmony.pack200.ArchiveTest.testAnnotations,0.3869
sun.nio.cs.UTF_8$Decoder.decodeArrayLoop,2.1407
org.junit.jupiter.engine.descriptor.ClassExtensionContext.getTestInstanceLifecycle,0.4098
java.lang.String.charAt,0.7386
org.apache.commons.compress.harmony.unpack200.CpBands.cpUTF8Value,0.8005
sun.security.x509.AccessDescription.<init>,0.4199
java.util.zip.CRC32.update,0.4258
java.lang.invoke.MethodTypeForm.canonicalize,0.4432
org.apache.commons.compress.harmony.unpack200.bytecode.Attribute.doWrite,0.9836
java.io.RandomAccessFile.readBytes0,1.1170
org.apache.commons.compress.archivers.sevenz.SevenZFile.sanityCheckUnpackInfo,0.4102
java.util.zip.InflaterInputStream.markSupported,0.0000
org.apache.commons.compress.java.util.jar.Pack200.lambda$newInstance$0,0.4140
org.apache.commons.compress.utils.ArchiveUtils.matchAsciiBuffer,0.4199
org.junit.platform.commons.util.ReflectionUtils.findAllFieldsInHierarchy,0.6726
org.apache.commons.compress.archivers.tar.TarArchiveOutputStream.putArchiveEntry,0.7235
org.junit.jupiter.engine.descriptor.ClassBasedTestDescriptor.invokeBeforeAllCallbacks,0.4432
java.lang.Module.isExplicitlyExportedOrOpened,0.3869
sun.security.provider.NativePRNG$RandomIO.implNextBytes,3.8887
org.tukaani.xz.rangecoder.RangeDecoder.decodeReverseBitTree,7.6316
org.apache.maven.surefire.api.util.internal.AbstractNoninterruptibleWritableChannel.writeBuffered,0.4140
org.apache.commons.io.input.BoundedInputStream.onMaxLength,0.0000
org.apache.commons.compress.archivers.zip.ZipShort.getValue,0.5183
org.apache.commons.compress.harmony.unpack200.bytecode.ClassConstantPool.addNestedEntries,2.9187
sun.nio.cs.ISO_8859_1.newDecoder,0.3722
org.apache.commons.compress.archivers.tar.TarArchiveEntry.processPaxHeader,0.0000
sun.nio.fs.UnixNativeDispatcher.stat0,3.0051
org.apache.commons.compress.harmony.unpack200.bytecode.CodeAttribute.<init>,0.3869
org.junit.platform.engine.UniqueId.toString,0.3723
java.lang.StackTraceElement.initStackTraceElements,0.7165
org.apache.commons.compress.archivers.examples.ExpanderTest.testSevenZInputStreamVersionWithAutoDetection,0.3443
java.util.Spliterators.spliterator,0.4102
com.github.luben.zstd.ZstdInputStreamNoFinalizer.decompressStream,10.8565
org.apache.commons.compress.harmony.unpack200.bytecode.ByteCode.nestedMustStartClassPool,2.0449
java.lang.Class.getConstantPool,0.8072
java.lang.invoke.LambdaForm$MH/0x000000005a16c800.invokeExact_MT,0.3003
java.util.stream.Collectors.toSet,0.4102
java.lang.ref.Reference$ReferenceHandler.run,8.0159
java.util.stream.ReferencePipeline.anyMatch,0.3443
java.util.jar.Manifest$FastInputStream.readLine,0.4199
java.lang.StringCoding.hasNegatives,0.4049
java.util.zip.InflaterInputStream.read,0.3722
org.junit.platform.engine.discovery.ClassSelector.hashCode,0.4432
org.junit.platform.engine.UniqueIdFormat.describe,0.4361
java.lang.invoke.VarHandleGuards.guard_LII_Z,0.3723
sun.util.calendar.ZoneInfo.getTransitionIndex,6.1342
sun.nio.fs.UnixPath.normalizeAndCheck,0.7235
org.junit.jupiter.engine.descriptor.TestMethodTestDescriptor$$Lambda/0x000000005a169ff0.execute,0.4036
java.util.LinkedList.toArray,0.4258
org.apache.commons.io.output.UnsynchronizedByteArrayOutputStream$Builder.get,6.1279
org.apache.commons.compress.harmony.pack200.ClassBands.addField,0.4361
org.apache.maven.surefire.booter.stream.CommandDecoder.debugStream,0.0110
java.lang.invoke.LambdaForm$DMH/0x000000005a078c00.newInvokeSpecial,0.3208
sun.nio.cs.GBK$DecodeHolder.<clinit>,0.3011
java.lang.invoke.MethodHandleNatives.canBeCalledVirtual,0.4049
org.apache.commons.compress.harmony.unpack200.bytecode.CodeAttribute.getLength,0.4136
java.io.ObjectStreamClass.<init>,0.4102
org.apache.commons.compress.compressors.lz77support.LZ77Compressor.compress,22.2097
com.github.luben.zstd.ZstdOutputStreamNoFinalizer.freeCStream,16.7439
org.junit.jupiter.engine.descriptor.TestTemplateTestDescriptor$TestTemplateExecutor.getZeroContextsProvidedErrorMessage,0.4136
org.junit.jupiter.engine.descriptor.AbstractExtensionContext.getStore,0.1895
java.util.LinkedHashMap.newNode,0.4102
java.util.Collections$SynchronizedCollection.iterator,0.3723
org.apache.commons.compress.compressors.lz4.FramedLZ4CompressorOutputStream.write,0.3201
com.github.luben.zstd.ZstdInputStreamNoFinalizer.read,3.4129
sun.nio.fs.UnixNativeDispatcher.getpwuid,0.4049
java.util.stream.Sink$ChainedReference.cancellationRequested,0.8138
com.github.marschall.memoryfilesystem.MemoryEntryAttributes.readLock,1.7063
org.apache.commons.compress.harmony.unpack200.ClassBands.parseCodeAttrBands,0.9818
java.nio.file.FileTreeWalker$Event.<init>,0.4098
org.apache.maven.surefire.api.stream.AbstractStreamEncoder.encodeString,0.4136
java.lang.Thread.start0,1.4471
org.junit.jupiter.api.AssertionUtils.objectsAreEqual,0.4199
java.lang.invoke.DirectMethodHandle$Holder.invokeSpecial,0.7541
java.util.zip.ZipUtils.javaEpochToLocalDateTime,0.3722
org.apache.maven.surefire.shared.lang3.StringUtils.isBlank,0.4199
org.apache.commons.compress.harmony.unpack200.bytecode.LocalVariableTableAttribute.getNestedClassFileEntries,0.5682
java.io.DataOutputStream.writeShort,1.5500
jdk.internal.classfile.impl.BufWriterImpl.<init>,0.4102
org.junit.jupiter.engine.descriptor.TestMethodTestDescriptor.<init>,0.3250
java.lang.StringUTF16.compress,6.1697
java.util.regex.Matcher.match,0.8190
org.apache.commons.compress.harmony.pack200.ClassBands.renumberOffsetBci,0.3869
org.apache.commons.compress.archivers.MaxNameEntryLengthTest.testValidDumpStreams,0.4199
org.apache.commons.compress.compressors.lz4.BlockLZ4CompressorOutputStream$Pair.addLiteral,0.6050
java.io.FilterInputStream.available,1.7065
org.apache.commons.compress.harmony.pack200.BcBands.visitVarInsn,0.3869
java.util.stream.Nodes$IntFixedNodeBuilder.begin,0.4154
org.apache.commons.compress.harmony.pack200.Segment$SegmentMethodVisitor.visitInsn,0.8515
org.apache.commons.compress.compressors.lzw.LZWInputStream.expandCodeToOutputStack,0.3443
org.junit.jupiter.engine.execution.InvocationInterceptorChain.chainInterceptors,1.0509
java.util.TreeMap.getEntry,0.3443
org.apache.commons.compress.compressors.FramedSnappyTest.testRoundtripWithOneBigWrite,0.2955
java.lang.classfile.ClassHierarchyResolver.cached,0.4102
org.apache.commons.compress.compressors.lz4.FramedLZ4CompressorRoundtripTest.roundTripTest,1.0180
java.util.Arrays.setAll,1.1364
java.lang.AbstractStringBuilder.append,1.0114
org.junit.jupiter.engine.descriptor.ClassExtensionContext.getTestInstance,0.3443
java.net.URI$Parser.parse,0.3250
org.apache.commons.compress.archivers.zip.ZipArchiveOutputStream.hasZip64Extra,0.4049
org.apache.commons.compress.archivers.sevenz.SevenZArchiveEntry.setLastModifiedDate,0.3515
java.lang.StringLatin1.compareToCI,0.5183
org.eclipse.collections.impl.map.mutable.UnifiedMap.rehash,1.0043
org.eclipse.collections.impl.list.mutable.FastList.transferItemsToNewArrayWithCapacity,0.3869
java.util.zip.CRC32.updateByteBuffer,0.4258
java.nio.Buffer.<init>,0.4098
java.lang.ref.Finalizer.reportComplete,0.1993
sun.nio.fs.UnixNativeDispatcher.realpath0,0.3722
org.apache.commons.io.input.ProxyInputStream$AbstractBuilder.<init>,2.0427
java.lang.invoke.Invokers$Holder.linkToTargetMethod,0.4432
java.util.ImmutableCollections$Set12.contains,0.4136
org.junit.platform.engine.support.hierarchical.NodeTestTask.lambda$executeRecursively$8,0.4432
org.junit.platform.engine.support.hierarchical.NodeTestTask.lambda$executeRecursively$7,0.4036
org.junit.platform.engine.support.hierarchical.NodeTestTask.lambda$executeRecursively$6,1.1435
org.junit.platform.engine.support.store.NamespacedHierarchicalStore.close,0.6014
org.junit.platform.commons.util.ReflectionUtils.toSortedMutableList,0.3011
org.apache.maven.surefire.api.stream.AbstractStreamDecoder$Segment.<init>,0.0040
java.lang.String.contains,1.2291
jdk.internal.classfile.impl.StackMapGenerator.generate,0.4102
java.lang.reflect.AccessibleObject.getAnnotations,0.9615
org.junit.jupiter.engine.descriptor.TestTemplateExtensionContext.getElement,0.3443
org.apache.commons.compress.compressors.bzip2.BZip2CompressorOutputStream$Data.<init>,0.6155
java.lang.String.getBytesUTF8NoRepl,0.2955
net.bytebuddy.matcher.ElementMatcher$Junction$Conjunction.<init>,0.3011
org.junit.jupiter.params.ResolverFacade$ResolvableParameterDeclaration.isAggregator,0.1895
java.lang.invoke.AbstractValidatingLambdaMetafactory.<init>,0.4154
org.apache.commons.compress.archivers.TestArchiveGenerator.padTo512Bytes,0.4258
net.bytebuddy.description.type.TypeDescription$ForLoadedType.getDeclaredMethods,0.3723
org.apache.commons.compress.archivers.zip.StreamCompressor.<init>,0.4140
org.apache.commons.compress.compressors.lz4.FramedLZ4CompressorOutputStream.flushBlock,0.3777
net.bytebuddy.NamingStrategy$SuffixingRandom.name,0.3723
org.apache.commons.compress.archivers.zip.ZipEncodingHelper.isUTF8Alias,0.0000
java.util.Optional.map,0.3250
org.apache.commons.compress.harmony.pack200.CpBands.writeCpUtf8,0.8308
org.junit.jupiter.engine.discovery.MethodSelectorResolver$MethodType$$Lambda/0x000000005a0a66a8.get,0.4432
java.util.StringJoiner.<init>,0.4102
java.nio.file.Files.walkFileTree,1.5406
java.util.RegularEnumSet$EnumSetIterator.next,1.7063
java.lang.String.substring,0.4199
sun.reflect.generics.parser.SignatureParser.parseClassSignature,0.4432
java.lang.Object.notifyAll,50.1520
org.junit.jupiter.engine.discovery.ClassSelectorResolver.newClassTestDescriptor,0.4102
org.apache.commons.compress.harmony.unpack200.bytecode.forms.ClassRefForm.setNestedEntries,0.5682
java.util.zip.Inflater$InflaterZStreamRef.run,0.3722
org.apache.commons.compress.compressors.CompressorStreamFactory.detect,0.4140
sun.nio.cs.UTF_8$Encoder.encodeLoop,1.4005
org.apache.commons.compress.harmony.pack200.BcBands.visitEnd,0.8722
java.time.zone.ZoneRules.getOffset,4.3522
java.math.BigDecimal.bigMultiplyPowerTen,0.4098
org.apache.commons.io.IOUtils.checkFromIndexSize,2.5806
org.apache.commons.compress.harmony.unpack200.bytecode.LineNumberTableAttribute.getStartPCs,0.3869
java.util.logging.LogRecord.<init>,0.4154
sun.nio.ch.UnixFileDispatcherImpl.unmap0,0.0429
org.apache.commons.io.output.ProxyOutputStream$$Lambda/0x000000005a1969f8.<init>,0.4258
org.tukaani.xz.lzma.LZMAEncoderNormal.<init>,0.3534
java.lang.StringLatin1.lastIndexOf,0.3250
java.lang.PublicMethods$Key.matches,1.1902
java.math.BigInteger.montReduce,0.4199
org.apache.commons.compress.archivers.ArchiveStreamFactoryTest.testIcoFilesAreNoTARs,0.4098
java.lang.ref.Reference.processPendingReferences,1.9099
org.apache.commons.compress.compressors.bzip2.BZip2CompressorInputStream.read0,0.3208
jdk.internal.util.ArraysSupport.hashCode,0.4102
sun.nio.fs.UnixNativeDispatcher.rmdir0,5.8636
jdk.internal.reflect.ConstantPool.getIntAt0,1.3539
java.util.Arrays.spliterator,1.3117
org.apache.commons.io.input.BoundedInputStream.read,2.8941
sun.nio.fs.UnixFileModeAttribute.toUnixMode,0.3250
com.github.luben.zstd.ZstdOutputStreamNoFinalizer.createCStream,0.3003
org.junit.platform.engine.support.hierarchical.NodeTestTask$DefaultDynamicTestExecutor.awaitFinished,0.4122
org.apache.maven.surefire.booter.spi.EventChannelEncoder.encodeSystemProperties,0.8242
org.apache.commons.compress.utils.IOUtils.readRange,0.4098
java.util.ArrayList.addAll,1.1607
java.lang.invoke.VarHandleInts$FieldInstanceReadWrite.setRelease,0.0000
java.lang.ClassLoader.defineClass0,9.1327
java.lang.ClassLoader.defineClass1,20.0287
org.apache.commons.compress.harmony.unpack200.BandSet.<init>,0.3869
jdk.internal.loader.Resource.getBytes,0.4102
java.lang.invoke.LambdaFormEditor.spreadArgumentsForm,0.4136
org.apache.commons.compress.archivers.Lister.println,0.4199
java.nio.charset.CharsetDecoder.decode,0.7592
java.lang.invoke.MethodType.parameterSlotCount,0.4258
org.mockito.internal.stubbing.BaseStubbing.thenReturn,0.3588
net.bytebuddy.implementation.bytecode.StackManipulation$Compound.<init>,0.7772
java.util.ImmutableCollections$Set12.spliterator,0.3443
java.math.MutableBigInteger.toCompactValue,0.4098
java.math.BigDecimal.createAndStripZerosToMatchScale,1.5235
org.apache.commons.compress.compressors.zstandard.ZstdRoundtripTest.<init>,0.4036
java.util.regex.Pattern.escape,1.7063
sun.util.calendar.BaseCalendar.getCalendarDateFromFixedDate,0.4098
org.apache.commons.compress.archivers.zip.X5455_ExtendedTimestamp.getCentralDirectoryData,1.7063
java.lang.invoke.MethodType.methodType,0.1895
org.apache.commons.compress.compressors.bzip2.BZip2CompressorInputStream.setupBlock,0.9306
java.io.DataOutputStream.writeByte,0.4136
org.tukaani.xz.lzma.LZMADecoder.decodeRepMatch,0.3208
java.io.FileInputStream.available0,1454.6051
java.lang.Class.getDeclaredMethods0,5.8598
sun.nio.ch.UnixFileDispatcherImpl.size0,4.8766
org.apache.commons.codec.digest.PureJavaCrc32C.update,0.8280
org.apache.commons.compress.harmony.unpack200.bytecode.ClassConstantPool.size,0.5682
jdk.internal.loader.URLClassPath$JarLoader.createResource,0.4102
org.apache.commons.compress.harmony.unpack200.bytecode.LocalVariableTableAttribute.getLength,0.3869
sun.reflect.annotation.AnnotationInvocationHandler.equalsImpl,0.3250
net.bytebuddy.description.type.TypeDescription$ForLoadedType.getSuperClass,0.3588
java.io.FileInputStream.read0,2.1763
org.apache.commons.io.build.AbstractOrigin$URIOrigin.getInputStream,0.3443
org.apache.commons.compress.compressors.bzip2.BZip2CompressorOutputStream.sendMTFValues5,0.3144
org.apache.commons.compress.compressors.snappy.FramedSnappyCompressorInputStream.readOnce,0.3777
java.lang.ref.Finalizer.register,0.3250
java.nio.DirectByteBuffer.get,0.3723
org.apache.commons.compress.compressors.bzip2.BZip2CompressorOutputStream.sendMTFValues7,1.8332
java.io.BufferedInputStream.read1,0.7637
java.util.Arrays.copyOf,0.4136
org.apache.commons.compress.compressors.bzip2.BZip2CompressorOutputStream.sendMTFValues1,3.5047
org.apache.commons.compress.archivers.zip.UnshrinkingInputStream.partialClear,0.3588
java.io.BufferedReader.<init>,0.3869
org.junit.platform.commons.util.AnnotationUtils.findMetaAnnotation,2.5602
org.apache.commons.compress.archivers.sevenz.AES256SHA256Decoder.sha256Password,5.4570
java.util.stream.ReferencePipeline.map,0.4102
org.apache.commons.compress.harmony.pack200.Segment.pack,0.4154
org.apache.commons.compress.compressors.bzip2.BlockSort.mainSort,4.6361
org.apache.commons.compress.archivers.zip.ZipArchiveOutputStream.rewriteSizesAndCrc,0.3722
sun.reflect.annotation.AnnotationParser.parseIntArray,0.8072
org.apache.commons.compress.archivers.tar.TarUtils.formatNameBytes,0.3722
org.apache.commons.compress.compressors.snappy.SnappyRoundtripTest.testTryReallyBigOffset,2.2662
java.lang.String.decodeUTF8_UTF16,0.3588
java.util.HashMap$ValueSpliterator.tryAdvance,0.4432
org.tukaani.xz.lzma.LZMADecoder$LiteralDecoder.decode,15.2756
java.io.UnixFileSystem.getNameMax0,0.5682
io.airlift.compress.zstd.FiniteStateEntropy.decompress,0.5183
java.io.BufferedOutputStream.flush,0.7579
org.apache.commons.compress.harmony.pack200.BandSet.cpEntryListToArray,0.3869
sun.nio.ch.IOUtil.read,0.3443
jdk.internal.classfile.impl.AbstractPoolEntry$Utf8EntryImpl.<init>,0.3443
org.apache.commons.compress.compressors.bzip2.BZip2CompressorOutputStream.generateMTFValues,12.2303
org.apache.commons.compress.archivers.zip.ZipArchiveEntry.<init>,0.8626
java.util.Objects.equals,3.6099
org.junit.jupiter.params.ArgumentCountValidator.lambda$getArgumentCountValidationModeConfiguration$5,0.4432
org.apache.commons.compress.compressors.bzip2.BZip2CompressorOutputStream.hbMakeCodeLengths,0.3011
java.util.ArrayList.hashCodeRange,0.1895
java.lang.StringBuffer.append,0.4199
org.apache.commons.compress.archivers.zip.ZipArchiveInputStream.bufferContainsSignature,2.9900
java.lang.classfile.constantpool.ConstantPoolBuilder.methodRefEntry,0.4102
sun.security.util.ManifestDigester.findSection,0.4199
jdk.internal.classfile.impl.StackMapGenerator$Frame.pushStack,0.3869
sun.nio.ch.ChannelInputStream.read,0.3383
java.lang.ClassLoader.findBootstrapClassOrNull,0.4049
java.lang.Object.wait0,61.4784
sun.net.www.protocol.file.Handler.parseURL,0.4102
sun.nio.ch.FileChannelImpl$DefaultUnmapper.decrementStats,0.0007
java.util.jar.JarOutputStream.putNextEntry,0.3869
java.math.BigDecimal.doRound,0.0000
org.mockito.codegen.SeekableByteChannel$MockitoMock$ZwIEBICs.position,0.3588
java.nio.file.attribute.PosixFilePermissions.asFileAttribute,0.4432
org.junit.jupiter.engine.extension.TempDirectory$CloseablePath.deleteAllFilesAndDirectories,0.4036
jdk.internal.misc.Unsafe.unpark,0.7235
java.net.URL.<init>,0.0000
java.util.regex.Pattern.compile,0.7286
org.apache.commons.compress.harmony.unpack200.CpBands.parseCpUtf8,0.8005
org.apache.commons.io.output.NullOutputStream.write,0.4136
sun.nio.ch.UnixFileDispatcherImpl.seek0,12.5003
sun.nio.fs.UnixNativeDispatcher.unlink0,1.0416
java.util.zip.ZipEntry.setLastModifiedTime,0.4098
jdk.internal.loader.BuiltinClassLoader.findMiscResource,0.4199
sun.security.util.DerValue.data,0.4199
org.apache.commons.io.build.AbstractStreamBuilder.getOutputStream,0.4036
org.apache.commons.compress.archivers.zip.ExtraFieldUtils.mergeLocalFileDataData,1.7480
java.util.stream.ReferencePipeline.makeNodeBuilder,0.4199
org.apache.commons.compress.archivers.TestArchiveGenerator.createFragmentedSparseEntries,0.4258
java.util.stream.ReferencePipeline$2$1.begin,1.7063
org.apache.commons.compress.harmony.unpack200.bytecode.LineNumberTableAttribute.writeBody,0.4136
org.apache.commons.compress.harmony.pack200.CPSignature.compareTo,0.3869
org.junit.jupiter.engine.execution.DefaultTestInstances.getInnermostInstance,0.6633
sun.nio.ch.FileChannelImpl.implWrite,0.7069
jdk.internal.util.DecimalDigits.uncheckedGetCharsLatin1,0.7386
org.apache.commons.compress.archivers.examples.Expander.lambda$expand$3,0.3443
java.util.Iterator.forEachRemaining,0.7446
org.apache.commons.compress.archivers.sevenz.SevenZFile.readAllOrBits,0.3515
java.util.HashMap.hash,14.1253
java.util.Formatter.format,0.3250
org.apache.commons.io.input.BoundedInputStream$Builder.get,0.3515
org.junit.jupiter.api.AssertThrows.assertThrows,0.4199
org.apache.commons.compress.archivers.zip.ParallelScatterZipCreator.submitStreamAwareCallable,0.4049
java.io.UnixFileSystem.getLength0,0.4036
java.lang.Iterable.forEach,0.3515
org.junit.platform.commons.util.ReflectionUtils$HierarchyTraversalMode.valueOf,0.8960
sun.invoke.util.VerifyAccess.isClassAccessible,0.4258
java.lang.invoke.MethodHandles$Lookup.in,0.2955
sun.nio.fs.UnixNativeDispatcher.getgrgid,0.7492
jdk.internal.classfile.impl.DirectClassBuilder.withField,0.4098
jdk.internal.classfile.impl.RawBytecodeHelper.getIndexU2,0.4098
org.apache.commons.compress.compressors.lz77support.LZ77Compressor.longestMatch,59.0095
jdk.internal.reflect.ConstantPool.getUTF8At0,2.2397
org.apache.commons.compress.archivers.zip.ParallelScatterZipCreatorTest.createZipArchiveEntry,0.4049
org.junit.platform.engine.support.discovery.DiscoveryIssueReporter.lambda$createReportingCondition$2,0.4102
sun.nio.fs.UnixFileSystemProvider.readAttributesIfExists,0.4199
sun.nio.ch.UnixFileDispatcherImpl.write0,36.6259
org.apache.commons.compress.harmony.unpack200.bytecode.forms.StringRefForm.getOffset,0.4154
sun.security.util.ManifestDigester.<init>,0.8399
java.util.stream.ReferencePipeline$7.opWrapSink,0.3443
org.apache.commons.compress.harmony.unpack200.BcBands.unpack,4.3159
java.text.RBTableBuilder.addExpansion,0.4049
java.lang.invoke.LambdaForm$MH/0x000000005a3ef400.invoke,0.3250
java.util.stream.SpinedBuffer.asArray,0.3250
java.util.stream.MatchOps$1MatchSink.accept,0.5183
java.lang.ref.FinalReference.get,2.3005
org.apache.commons.compress.archivers.dump.DumpArchiveInputStream.readDirectoryEntry,0.4199
java.lang.invoke.MethodHandles$Lookup.checkMethod,0.7309
java.lang.Class.getSuperclass,0.4049
org.junit.jupiter.engine.descriptor.MethodExtensionContext.getTestInstances,0.4098
sun.nio.fs.UnixNativeDispatcher.open0,10.1162
java.util.stream.AbstractPipeline.copyInto,0.6427
org.apache.commons.compress.harmony.unpack200.ClassBands.parseCodeBands,0.3869
java.io.UnixFileSystem.getBooleanAttributes0,6.4496
java.lang.ref.Reference.enqueueFromPending,40.7900
jdk.internal.icu.util.CodePointTrie$Data.<init>,0.4049
sun.nio.ch.UnixFileDispatcherImpl.read0,66.9515
org.apache.commons.compress.compressors.bzip2.BZip2CompressorInputStream.read,1.7981
java.util.ImmutableCollections.listFromTrustedArray,0.4102
org.apache.commons.compress.compressors.bzip2.BZip2CompressorInputStream.setupNoRandPartB,11.2914
org.apache.commons.compress.harmony.unpack200.bytecode.CodeAttribute.getNestedClassFileEntries,1.1364
sun.util.locale.provider.TimeZoneNameUtility$TimeZoneNameGetter.<clinit>,0.3588
sun.nio.fs.UnixNativeDispatcher.readdir0,2.1203
org.junit.platform.engine.support.discovery.EngineDiscoveryRequestResolution$DefaultContext.createAndAdd,0.4432
java.util.zip.ZipEntry.setExtra,1.1787
java.util.stream.IntPipeline.mapToObj,0.4432
java.util.stream.Streams$ConcatSpliterator.characteristics,0.3250
org.apache.commons.compress.archivers.zip.ZipArchiveEntry.isDirectoryEntryName,0.3722
jdk.internal.classfile.impl.DirectCodeBuilder.return_,0.4102
org.apache.commons.compress.harmony.pack200.CpBands.getCPIMethod,0.4154
java.util.TreeMap.fixAfterInsertion,0.4154
java.lang.reflect.ProxyGenerator.<init>,0.4102
org.junit.jupiter.engine.descriptor.TestMethodTestDescriptor.populateNewExtensionRegistry,0.4098
java.util.concurrent.ConcurrentHashMap.computeIfAbsent,2.0672
java.lang.ref.ReferenceQueue.remove0,2.1898
org.apache.commons.compress.harmony.pack200.IntList.add,0.3869
java.util.TimSort.countRunAndMakeAscending,0.5183
java.util.AbstractSequentialList.iterator,0.2499
org.apache.commons.compress.compressors.DetectCompressorTest.testDetectLimitedByName,0.4140
java.util.Formatter$FormatSpecifier.localizedMagnitude,0.5682
sun.nio.ch.FileChannelImpl.implRead,4.6408
java.math.BigInteger.shiftRightImpl,0.3515
java.util.Collections$UnmodifiableCollection$1.hasNext,0.7541
sun.nio.cs.UTF_8$Decoder.malformedN,0.7235
jdk.internal.ref.PhantomCleanable.clear,0.4036
org.objectweb.asm.ClassReader.readCode,4.7947
java.lang.invoke.InvokerBytecodeGenerator.loadMethod,0.4036
java.net.URI$Parser.scan,0.4140
java.util.stream.StreamOpFlag.fromCharacteristics,4.4089
org.apache.commons.compress.archivers.tar.TarArchiveInputStream.buildSparseInputStreams,1.0150
sun.nio.cs.UTF_8$Encoder.encodeBufferLoop,7.7547
java.io.ByteArrayOutputStream.ensureCapacity,1.9075
org.apache.commons.compress.harmony.pack200.CpBands.getCPMethod,0.4361
org.apache.commons.compress.compressors.snappy.SnappyCompressorInputStream.read,0.3777
java.util.HashMap$KeySpliterator.<init>,0.4432
java.util.ArrayList.subList,0.4098
org.apache.maven.surefire.junitplatform.JUnitPlatformProvider$$Lambda/0x000000005a058e08.<init>,0.4102
org.apache.commons.compress.archivers.zip.X7875_NewUnix.parseFromLocalFileData,0.3722
java.lang.String.<init>,2.2748
java.lang.StringLatin1.compareTo,0.3869
org.apache.commons.compress.harmony.unpack200.BandSet.lambda$getReferences$0,0.3777
java.util.stream.AbstractPipeline.copyIntoWithCancel,0.8534
java.util.Collection.stream,3.2268
jdk.internal.icu.impl.NormalizerImpl.getDecompose,0.4049
net.bytebuddy.description.type.TypeDescription$Generic$AbstractBase.<init>,0.3723
java.lang.invoke.VarHandleByteArrayAsShorts$ArrayHandle.set,2.5051
java.util.concurrent.ConcurrentHashMap.replaceNode,0.6253
jdk.internal.classfile.impl.SplitConstantPool.<init>,0.4432
java.lang.StringBuilder.<init>,2.9081
jdk.internal.classfile.impl.SplitConstantPool.tryFindClassOrInterface,0.4102
org.junit.jupiter.engine.extension.SeparateThreadTimeoutInvocation.proceed,0.3443
org.apache.commons.compress.harmony.unpack200.AttributeLayoutMap.checkMap,1.2651
org.apache.maven.surefire.junitplatform.RunListenerAdapter$$Lambda/0x000000005a1654a0.apply,0.4258
sun.nio.fs.UnixNativeDispatcher.closedir,0.3250
sun.nio.ch.UnixFileDispatcherImpl.allocationGranularity0,0.3722
org.apache.commons.compress.compressors.deflate64.HuffmanDecoder$HuffmanCodes.decodeNext,0.3443
org.junit.jupiter.engine.descriptor.TemplateExecutor.lambda$executeForProvider$1,0.3443
java.lang.Throwable.<init>,0.3723
org.apache.commons.io.input.ProxyInputStream.read,13.9409
java.io.SequenceInputStream.read,0.0000
java.lang.Object.getClass,1.5547
org.junit.jupiter.engine.descriptor.TestMethodTestDescriptor.<clinit>,0.4102
org.junit.platform.commons.util.ReflectionUtils.defaultMethodSorter,0.4102
org.apache.commons.compress.archivers.zip.ZipArchiveInputStream.processZip64Extra,0.7824
java.util.logging.LogManager$LoggerWeakRef.setParentRef,0.4432
java.nio.file.Files.provider,0.4036
org.junit.platform.commons.util.ReflectionUtils.isStatic,0.4140
java.util.HashMap.putMapEntries,0.7479
com.github.luben.zstd.ZstdInputStreamNoFinalizer.initDStream,2.1305
java.io.FileOutputStream.write,10.4214
java.util.Spliterators.emptySpliterator,0.4102
java.lang.StackTraceElement.toString,0.3722
org.apache.commons.io.output.AbstractByteArrayOutputStream.needNewBuffer,0.6767
java.lang.String.lookupCharset,0.5183
jdk.internal.classfile.impl.BufWriterImpl.grow,0.4102
java.util.HashMap.computeIfAbsent,0.3515
jdk.internal.loader.URLClassPath$FileLoader.findResource,0.0000
java.lang.classfile.Attributes.sourceFile,0.4102
java.lang.Thread.getContextClassLoader,0.4102
java.lang.reflect.Array.newArray,0.4102
org.apache.commons.compress.archivers.zip.ZipArchiveInputStream$CurrentEntry.access$700,113.2483
java.util.stream.ReferencePipeline.lambda$toArray$0,0.4098
sun.util.calendar.CalendarDate.<init>,0.4098
org.apache.commons.io.input.ProxyInputStream.<init>,0.4049
org.junit.jupiter.engine.extension.TempDirectory.lambda$injectFields$3,0.7701
org.apache.commons.compress.compressors.lz77support.LZ77Compressor.<init>,2.9162
org.apache.commons.compress.compressors.bzip2.BlockSort.mainQSort3,0.3144
jdk.internal.classfile.impl.DirectCodeBuilder.aload,1.1646
java.lang.String.getChars,0.3869
org.junit.jupiter.params.EvaluatedArgumentSet.dropSurplus,0.4199
org.apache.commons.compress.archivers.sevenz.SevenZFile.readFilesInfo,0.3515
java.nio.charset.CharsetEncoder.canEncode,0.3588
java.lang.reflect.ProxyGenerator$ProxyMethod.lambda$generateMethod$1,0.3011
org.apache.commons.compress.harmony.unpack200.bytecode.forms.LocalForm.setByteCodeOperands,0.4154
org.apache.commons.compress.harmony.unpack200.bytecode.NewAttribute.getNestedClassFileEntries,0.4154
org.apache.commons.compress.archivers.zip.AsiExtraField.isLink,0.3588
org.apache.commons.compress.harmony.pack200.Codec.encode,12.1943
org.apache.commons.compress.archivers.zip.ZipArchiveInputStream$CurrentEntry.checkInputStream,5.6447
org.apache.commons.io.output.AbstractByteArrayOutputStream.writeImpl,0.3869
jdk.internal.jimage.ImageLocation.verify,0.3777
org.apache.commons.compress.harmony.unpack200.bytecode.ClassConstantPool.lambda$initialSort$0,0.3869
java.lang.ref.Reference.waitForReferencePendingList,172.5240
java.util.concurrent.locks.AbstractQueuedSynchronizer$ConditionObject.signal,0.0000
java.util.concurrent.ConcurrentHashMap$Traverser.advance,0.4102
org.apache.commons.compress.harmony.pack200.ClassBands.renumberBci,1.0043
java.lang.reflect.ProxyGenerator.toClassEntries,0.3723
jdk.internal.classfile.impl.SplitConstantPool.internalAdd,1.7753
java.lang.invoke.Invokers.maybeCustomize,0.3443
sun.invoke.util.VerifyType.isNullType,0.7235
sun.nio.fs.UnixFileAttributes.toFileTime,0.4049
org.junit.jupiter.engine.descriptor.TestTemplateInvocationTestDescriptor.getExclusiveResources,0.3443
sun.nio.fs.UnixNativeDispatcher.access0,2.0011
java.lang.invoke.VarHandleGuards.guard_LI_J,0.4199
java.util.AbstractCollection.toArray,1.7315
java.math.BigDecimal.remainder,0.4199
org.apache.commons.compress.compressors.bzip2.BZip2CompressorInputStream.recvDecodingTables,0.7348
java.lang.invoke.LambdaForm$DMH/0x000000005a3ee400.newInvokeSpecial,0.4036
sun.reflect.annotation.AnnotationParser.parseAnnotation2,0.4036
org.apache.commons.compress.archivers.tar.TarArchiveInputStream.getNextEntry,0.4199
org.apache.commons.compress.archivers.dump.DumpArchiveEntry$TYPE.values,0.4199
sun.util.locale.LocaleUtils.isAlphaNumericString,0.4098
java.util.HashMap$KeySpliterator.forEachRemaining,0.4432
org.apache.commons.compress.archivers.zip.ZipFile.skipBytes,0.4049
org.apache.commons.compress.harmony.unpack200.bytecode.CPLong.writeBody,0.4154
java.lang.invoke.MethodHandleImpl.makePairwiseConvertByEditor,0.7387
java.lang.Object.wait,0.2534
java.util.stream.ReferencePipeline$2$1.accept,3.4135
java.util.regex.Pattern$BmpCharProperty.match,3.3282
org.apache.commons.compress.compressors.lz77support.LZ77Compressor.flushLiteralBlock,0.3777
org.junit.jupiter.params.ParameterizedTestInvocationContext.getAdditionalExtensions,0.1895
org.junit.jupiter.api.AssertArrayEquals.assertArrayEquals,2.5206
sun.nio.ch.IOUtil.write,0.3722
org.junit.platform.launcher.core.CompositeTestExecutionListener.lambda$executionFinished$10,0.4036
java.lang.invoke.DirectMethodHandle$Holder.newInvokeSpecial,0.3723
org.tukaani.xz.LZMA2InputStream.read,0.3254
java.io.UnixFileSystem.createDirectory0,1.1284
java.util.LinkedHashMap.<init>,0.4036
java.math.BigInteger.multiply,0.8698
org.apache.commons.compress.compressors.z.ZCompressorInputStream.addEntry,0.4036
java.util.Calendar.selectFields,0.3588
java.util.stream.AbstractPipeline.wrapSink,2.9437
java.lang.ClassLoader.findBootstrapClass,3.9298
org.apache.commons.compress.harmony.internal.AttributeLayoutParser.expect,0.4136
java.util.concurrent.ConcurrentHashMap.get,2.9094
org.apache.commons.compress.harmony.unpack200.bytecode.OperandManager.nextFieldRef,0.3869
java.util.concurrent.ConcurrentHashMap.isEmpty,0.4432
org.junit.jupiter.params.shadow.com.univocity.parsers.common.AbstractParser.beginParsing,0.3011
java.util.zip.CheckedInputStream.read,0.4102
org.brotli.dec.Huffman.replicateValue,0.2955
org.apache.commons.codec.digest.XXHash32.update,1.3056
java.lang.Class.getDeclaredConstructors0,0.3723
org.junit.jupiter.engine.discovery.predicates.TestClassPredicates$$Lambda/0x000000005a075580.<init>,0.4102
sun.nio.fs.UnixUriUtils.fromUri,0.5183
sun.nio.ch.FileChannelImpl.beginBlocking,0.3588
sun.nio.fs.UnixNativeDispatcher.dup,1.0289
org.junit.platform.commons.util.AnnotationUtils.findRepeatableAnnotations,3.6336
jdk.internal.classfile.impl.ClassImpl.<init>,0.3723
org.tukaani.xz.rangecoder.RangeDecoder.decodeDirectBits,5.4924
sun.security.pkcs.PKCS7.parseSignedData,0.4199
org.apache.commons.compress.harmony.pack200.ClassBands.addLocalVariable,0.4361
java.util.stream.ReferencePipeline$7$1FlatMap.<init>,0.4432
sun.nio.ch.UnixFileDispatcherImpl.available0,0.4036
net.bytebuddy.implementation.bytecode.constant.MethodConstant$ForMethod.cached,0.3723
sun.nio.fs.Util.followLinks,0.3250
org.junit.jupiter.engine.extension.TempDirectory.determineTempDirFactory,0.3003
jdk.internal.misc.Unsafe.allocateInstance,23.1673
java.io.FileOutputStream.writeBytes,12.4998
java.lang.StringCoding.countPositives,0.8297
java.util.ArrayList.equalsRange,0.3115
org.apache.commons.compress.archivers.tar.TarUtils.parseName,0.0000
java.text.MessageFormat.subformat,0.3869
java.util.stream.ReferencePipeline.<init>,0.4102
org.apache.commons.compress.harmony.unpack200.BandSet$$Lambda/0x000000005a3b6e60.apply,0.3777
java.io.UnixFileSystem.setPermission0,4.9346
org.apache.commons.compress.utils.TimeUtilsTest.truncateFileTimeProvider,0.4136
java.util.stream.ReduceOps$3ReducingSink.begin,1.5287
org.apache.commons.compress.archivers.zip.ZipArchiveEntry.getExtraField,0.8280
org.apache.commons.compress.archivers.zip.ZipUtil.javaEpochToLocalDateTime,0.3588
java.util.stream.Streams$ConcatSpliterator.<init>,0.4361
org.apache.commons.compress.archivers.sevenz.SevenZFileTest.testReadBigSevenZipFile,0.3515
org.apache.commons.io.build.AbstractStreamBuilder.getChannel,0.4258
org.apache.commons.compress.harmony.pack200.CpBands.writeCpDescr,0.3869
java.nio.file.FileTreeWalker.visit,0.4140
java.util.HashMap.resize,1.8397
net.bytebuddy.dynamic.DynamicType$Builder$AbstractBase$Adapter.defineField,0.3723
java.text.MessageFormat.setFormatFromPattern,0.3723
org.apache.maven.surefire.junitplatform.RunListenerAdapter.toStackTraceWriter,0.7235
org.objectweb.asm.ClassReader.readMethod,0.8515
org.junit.jupiter.engine.descriptor.TemplateExecutor.execute,0.4098
org.apache.commons.compress.archivers.zip.ZipArchiveInputStream$BoundCountInputStream.readCount,4.5491
java.io.BufferedReader.readLine,0.3869
java.math.MutableBigInteger.divideOneWord,1.4547
org.junit.platform.engine.UniqueId.getSegments,0.3003
org.junit.jupiter.engine.execution.ExtensionContextSupplier$ScopeBasedExtensionContextSupplier.<init>,0.4098
java.lang.Class.getAnnotation,0.3443
java.util.zip.InflaterInputStream.close,0.0000
org.junit.platform.commons.util.ReflectionUtils$$Lambda/0x000000005a0dbce8.get,0.4098
java.lang.Class.copyFields,0.4140
java.util.Arrays.compareUnsigned,0.4098
org.apache.commons.compress.archivers.zip.ZipArchiveEntry.setExtra,0.5183
org.apache.commons.compress.utils.BitInputStream.readBit,1.7063
jdk.internal.classfile.impl.AbstractPoolEntry.maybeClone,0.4102
sun.nio.ch.UnixFileDispatcherImpl.map0,0.3208
org.junit.platform.commons.util.StringUtils.isBlank,0.7611
java.util.Vector.iterator,0.3722
java.lang.ProcessHandleImpl.waitForProcessExit0,0.0033
java.lang.Class.initClassName,2.1035
net.bytebuddy.dynamic.scaffold.MethodGraph$Compiler$Default.of,0.3723
java.util.zip.Deflater.end,1.7063
org.apache.commons.compress.compressors.lz77support.AbstractLZ77CompressorInputStream.<init>,0.3039
java.util.Spliterator.getExactSizeIfKnown,0.6725
java.util.Objects.hashCode,2.4073
org.mockito.internal.progress.MockingProgressImpl.reportOngoingStubbing,0.4049
org.apache.commons.compress.compressors.lz77support.LZ77Compressor.longestMatchForNextPosition,0.8280
java.lang.ref.ReferenceQueue.enqueue,10.5841
org.apache.commons.compress.harmony.unpack200.SegmentUtils.countInvokeInterfaceArgs,0.8290
sun.nio.ch.FileChannelImpl.read,0.4140
sun.nio.ch.NativeThread.current0,14.3070
org.junit.jupiter.engine.extension.TempDirectory$CloseablePath.tryToResetPermissions,0.4098
sun.nio.cs.US_ASCII.newEncoder,0.3723
sun.nio.cs.UTF_8$Decoder.decodeLoop,1.4925
java.io.PrintStream.flush,0.3011
jdk.internal.classfile.impl.AbstractPoolEntry$Utf8EntryImpl.equalsString,0.3723
java.math.MutableBigInteger.primitiveLeftShift,0.5183
org.junit.jupiter.engine.execution.ExtensionContextSupplier$ScopeBasedExtensionContextSupplier.isTestScoped,0.3443
java.io.ByteArrayOutputStream.write,0.3722
java.lang.reflect.Executable.synthesizeAllParams,0.4049
org.apache.commons.compress.harmony.pack200.CpBands.getCPUtf8,0.3869
java.util.Collections.reverse,0.4361
org.junit.jupiter.engine.descriptor.TestMethodTestDescriptor$$Lambda/0x000000005a169ff0.<init>,0.4199
org.apache.commons.compress.archivers.tar.TarArchiveEntry.updateEntryFromPaxHeaders,0.0000
sun.util.calendar.ZoneInfo.getOffsets,0.3722
java.lang.String.intern,0.8154
org.apache.commons.compress.harmony.unpack200.ClassBands.getClassSuperInts,0.3869
java.time.LocalDateTime.<init>,0.3723
jdk.internal.loader.URLClassPath.findResource,0.0000
org.apache.commons.compress.harmony.pack200.CpBands.writeCpMethodOrField,0.4154
org.apache.commons.compress.harmony.unpack200.ClassBands.parseFieldMetadataBands,0.5682
org.tukaani.xz.lzma.LZMAEncoder$LengthEncoder.<init>,0.3534
net.bytebuddy.implementation.bytecode.StackManipulation$Compound.isValid,0.4049
java.security.MessageDigest$Delegate.engineUpdate,0.7444
org.apache.commons.io.input.ProxyInputStream.afterRead,3.9472
org.tukaani.xz.lzma.LZMADecoder$LiteralDecoder$LiteralSubdecoder.decode,203.1663
org.tukaani.xz.lzma.LZMADecoder$LengthDecoder.decode,3.9943
java.lang.String.startsWith,0.3723
java.lang.Long.compareUnsigned,0.5183
com.github.luben.zstd.ZstdOutputStreamNoFinalizer.flushStream,1.4486
org.apache.commons.compress.compressors.FramedSnappyTest.testRoundtrip,0.2955
org.apache.commons.io.output.ByteArrayOutputStream.<init>,0.3383
java.util.zip.Deflater.deflateBytesBytes,13.0387
org.tukaani.xz.ArrayCache.getByteArray,10.3920
org.apache.commons.compress.compressors.bzip2.BZip2CompressorInputStream.bsR,7.3880
java.util.zip.Inflater.inflateBytesBytes,24.6428
sun.nio.fs.UnixNativeDispatcher.copyToNativeBuffer,0.4199
java.util.zip.ZipUtils.javaToExtendedDosTime,0.3869
org.apache.commons.io.input.BoundedInputStream.mark,0.5682
org.apache.commons.compress.archivers.zip.ZipFile.tryToLocateSignature,0.4049
net.bytebuddy.jar.asm.SymbolTable.hash,0.3723
com.github.luben.zstd.ZstdInputStreamNoFinalizer.readInternal,3.4129
java.lang.StringLatin1.replace,1.5774
java.math.BigInteger.shiftLeft,0.0000
java.io.InputStream.read,0.3201
org.apache.commons.compress.harmony.pack200.Archive.addJarEntry,0.3869
sun.nio.fs.UnixNativeDispatcher.fgetxattr0,4.6214
com.sun.crypto.provider.CipherCore.<init>,0.3722
