org.apache.maven.surefire.booter.ForkedBooter.main;org.apache.maven.surefire.booter.ForkedBooter.run;org.apache.maven.surefire.booter.ForkedBooter.execute;org.apache.maven.surefire.booter.ForkedBooter.runSuitesInProcess;org.apache.maven.surefire.junitplatform.JUnitPlatformProvider.invoke;org.apache.maven.surefire.junitplatform.JUnitPlatformProvider.invokeAllTests;org.apache.maven.surefire.junitplatform.JUnitPlatformProvider.execute;org.apache.maven.surefire.junitplatform.LauncherAdapter.execute;org.apache.maven.surefire.junitplatform.LauncherAdapter.executeWithoutCancellationToken;org.apache.commons.compress.harmony.unpack200.ArchiveTest.testLoggingOptions;org.apache.commons.compress.harmony.unpack200.Archive.unpack;org.apache.commons.compress.harmony.unpack200.Segment.unpack;org.apache.commons.compress.harmony.unpack200.Segment.unpackRead;org.apache.commons.compress.harmony.unpack200.Segment.readSegment;org.apache.commons.compress.harmony.unpack200.CpBands.read;org.apache.commons.compress.harmony.unpack200.CpBands.parseCpUtf8,0.4136
org.apache.maven.surefire.booter.ForkedBooter.main;org.apache.maven.surefire.booter.ForkedBooter.run;org.apache.maven.surefire.booter.ForkedBooter.execute;org.apache.maven.surefire.booter.ForkedBooter.runSuitesInProcess;org.apache.maven.surefire.junitplatform.JUnitPlatformProvider.invoke;org.apache.maven.surefire.junitplatform.JUnitPlatformProvider.invokeAllTests;org.apache.maven.surefire.junitplatform.JUnitPlatformProvider.execute;org.apache.maven.surefire.junitplatform.LauncherAdapter.execute;org.apache.maven.surefire.junitplatform.LauncherAdapter.executeWithoutCancellationToken;org.apache.commons.compress.harmony.unpack200.ArchiveTest.testWithSql,0.8271
org.apache.maven.surefire.booter.ForkedBooter.main;org.apache.maven.surefire.booter.ForkedBooter.run;org.apache.maven.surefire.booter.ForkedBooter.execute;org.apache.maven.surefire.booter.ForkedBooter.runSuitesInProcess;org.apache.maven.surefire.junitplatform.JUnitPlatformProvider.invoke;org.apache.maven.surefire.junitplatform.JUnitPlatformProvider.invokeAllTests;org.apache.maven.surefire.junitplatform.JUnitPlatformProvider.execute;org.apache.maven.surefire.junitplatform.LauncherAdapter.execute;org.apache.maven.surefire.junitplatform.LauncherAdapter.executeWithoutCancellationToken;org.apache.commons.compress.utils.ServiceLoaderIteratorTest.testRemoveThrowsUnsupportedOperationException,0.4136
org.apache.maven.surefire.booter.ForkedBooter.main;org.apache.maven.surefire.booter.ForkedBooter.run;org.apache.maven.surefire.booter.ForkedBooter.execute;org.apache.maven.surefire.booter.ForkedBooter.runSuitesInProcess;org.apache.maven.surefire.junitplatform.JUnitPlatformProvider.invoke;org.apache.maven.surefire.junitplatform.JUnitPlatformProvider.invokeAllTests;org.apache.maven.surefire.junitplatform.JUnitPlatformProvider.execute;org.apache.maven.surefire.junitplatform.LauncherAdapter.execute;org.apache.maven.surefire.junitplatform.LauncherAdapter.executeWithoutCancellationToken;org.apache.commons.compress.utils.FixedLengthBlockOutputStreamTest.testSmallWriteToStream;org.apache.commons.compress.utils.FixedLengthBlockOutputStreamTest.testWriteAndPadToStream;org.apache.commons.compress.utils.FixedLengthBlockOutputStreamTest.validate,0.4136
org.apache.maven.surefire.booter.ForkedBooter.main;org.apache.maven.surefire.booter.ForkedBooter.run;org.apache.maven.surefire.booter.ForkedBooter.execute;org.apache.maven.surefire.booter.ForkedBooter.runSuitesInProcess;org.apache.maven.surefire.junitplatform.JUnitPlatformProvider.invoke;org.apache.maven.surefire.junitplatform.JUnitPlatformProvider.invokeAllTests;org.apache.maven.surefire.junitplatform.JUnitPlatformProvider.execute;org.apache.maven.surefire.junitplatform.LauncherAdapter.execute;org.apache.maven.surefire.junitplatform.LauncherAdapter.executeWithoutCancellationToken;org.apache.commons.compress.harmony.unpack200.ArchiveTest.testWithSql;org.apache.commons.compress.harmony.unpack200.Archive.unpack;org.apache.commons.compress.harmony.unpack200.Segment.unpack;org.apache.commons.compress.harmony.unpack200.Segment.unpackProcess;org.apache.commons.compress.harmony.unpack200.Segment.parseSegment;org.apache.commons.compress.harmony.unpack200.Segment.buildClassFile;org.apache.commons.compress.harmony.unpack200.bytecode.ClassConstantPool.resolve;org.apache.commons.compress.harmony.unpack200.bytecode.ClassConstantPool$$Lambda/0x000000005a3fb768.accept;org.apache.commons.compress.harmony.unpack200.bytecode.ClassConstantPool.lambda$resolve$1;org.apache.commons.compress.harmony.unpack200.bytecode.CPMember.resolve;org.apache.commons.compress.harmony.unpack200.bytecode.CPMember$$Lambda/0x000000005a3fb9a8.accept;org.apache.commons.compress.harmony.unpack200.bytecode.CPMember.lambda$resolve$0;org.apache.commons.compress.harmony.unpack200.bytecode.CodeAttribute.resolve;org.apache.commons.compress.harmony.unpack200.bytecode.CodeAttribute$$Lambda/0x000000005a3fbe28.accept;org.apache.commons.compress.harmony.unpack200.bytecode.CodeAttribute.lambda$resolve$1;org.apache.commons.compress.harmony.unpack200.bytecode.ByteCode.resolve;org.apache.commons.compress.harmony.unpack200.bytecode.ClassConstantPool.indexOf,0.4136
org.apache.maven.surefire.booter.ForkedBooter.main;org.apache.maven.surefire.booter.ForkedBooter.run;org.apache.maven.surefire.booter.ForkedBooter.execute;org.apache.maven.surefire.booter.ForkedBooter.runSuitesInProcess;org.apache.maven.surefire.junitplatform.JUnitPlatformProvider.invoke;org.apache.maven.surefire.junitplatform.JUnitPlatformProvider.invokeAllTests;org.apache.maven.surefire.junitplatform.JUnitPlatformProvider.execute;org.apache.maven.surefire.junitplatform.LauncherAdapter.execute;org.apache.maven.surefire.junitplatform.LauncherAdapter.executeWithoutCancellationToken;org.apache.commons.compress.utils.FixedLengthBlockOutputStreamTest.testPartialWritingThrowsException,0.4136
org.apache.maven.surefire.booter.ForkedBooter.main;org.apache.maven.surefire.booter.ForkedBooter.run;org.apache.maven.surefire.booter.ForkedBooter.execute;org.apache.maven.surefire.booter.ForkedBooter.runSuitesInProcess;org.apache.maven.surefire.junitplatform.JUnitPlatformProvider.invoke;org.apache.maven.surefire.junitplatform.JUnitPlatformProvider.invokeAllTests;org.apache.maven.surefire.junitplatform.JUnitPlatformProvider.execute;org.apache.maven.surefire.junitplatform.LauncherAdapter.execute;org.apache.maven.surefire.junitplatform.LauncherAdapter.executeWithoutCancellationToken;org.apache.maven.surefire.junitplatform.RunListenerAdapter.executionFinished;org.apache.maven.surefire.api.booter.ForkingRunListener.testSucceeded;org.apache.maven.surefire.booter.spi.EventChannelEncoder.testSucceeded;org.apache.maven.surefire.booter.spi.EventChannelEncoder.encode;org.apache.maven.surefire.booter.spi.EventChannelEncoder.encode;org.apache.maven.surefire.api.stream.AbstractStreamEncoder.encodeString,0.4136
org.apache.maven.surefire.booter.ForkedBooter.main;org.apache.maven.surefire.booter.ForkedBooter.run;org.apache.maven.surefire.booter.ForkedBooter.execute;org.apache.maven.surefire.booter.ForkedBooter.runSuitesInProcess;org.apache.maven.surefire.junitplatform.JUnitPlatformProvider.invoke;org.apache.maven.surefire.junitplatform.JUnitPlatformProvider.invokeAllTests;org.apache.maven.surefire.junitplatform.JUnitPlatformProvider.execute;org.apache.maven.surefire.junitplatform.LauncherAdapter.execute;org.apache.maven.surefire.junitplatform.LauncherAdapter.executeWithoutCancellationToken;org.apache.commons.compress.harmony.unpack200.ArchiveTest.testWithSqlE1;org.apache.commons.compress.harmony.unpack200.Archive.unpack;org.apache.commons.compress.harmony.unpack200.Segment.unpack;org.apache.commons.compress.harmony.unpack200.Segment.unpackRead;org.apache.commons.compress.harmony.unpack200.Segment.readSegment;org.apache.commons.compress.harmony.unpack200.ClassBands.read;org.apache.commons.compress.harmony.unpack200.ClassBands.parseCodeBands;org.apache.commons.compress.harmony.unpack200.ClassBands.parseCodeAttrBands;org.apache.commons.compress.harmony.unpack200.BandSet.decodeBandInt;org.apache.commons.compress.harmony.unpack200.BandSet.decodeBandInt;org.apache.commons.compress.harmony.pack200.BHSDCodec.decodeInts;org.apache.commons.compress.harmony.pack200.Codec.decodeInts,0.4136
org.apache.maven.surefire.booter.ForkedBooter.main;org.apache.maven.surefire.booter.ForkedBooter.run;org.apache.maven.surefire.booter.ForkedBooter.execute;org.apache.maven.surefire.booter.ForkedBooter.runSuitesInProcess;org.apache.maven.surefire.junitplatform.JUnitPlatformProvider.invoke;org.apache.maven.surefire.junitplatform.JUnitPlatformProvider.invokeAllTests;org.apache.maven.surefire.junitplatform.JUnitPlatformProvider.execute;org.apache.maven.surefire.junitplatform.LauncherAdapter.execute;org.apache.maven.surefire.junitplatform.LauncherAdapter.executeWithoutCancellationToken;org.apache.commons.compress.utils.FixedLengthBlockOutputStreamTest.testWriteBuf;org.apache.commons.compress.utils.FixedLengthBlockOutputStreamTest.testBuf,0.4136
org.apache.maven.surefire.booter.ForkedBooter.main;org.apache.maven.surefire.booter.ForkedBooter.run;org.apache.maven.surefire.booter.ForkedBooter.execute;org.apache.maven.surefire.booter.ForkedBooter.runSuitesInProcess;org.apache.maven.surefire.junitplatform.JUnitPlatformProvider.invoke;org.apache.maven.surefire.junitplatform.JUnitPlatformProvider.invokeAllTests;org.apache.maven.surefire.junitplatform.JUnitPlatformProvider.execute;org.apache.maven.surefire.junitplatform.LauncherAdapter.execute;org.apache.maven.surefire.junitplatform.LauncherAdapter.executeWithoutCancellationToken;org.apache.commons.compress.harmony.unpack200.ArchiveTest.testLoggingOptions;org.apache.commons.compress.harmony.unpack200.Archive.unpack;org.apache.commons.compress.harmony.unpack200.Segment.unpack;org.apache.commons.compress.harmony.unpack200.Segment.unpackRead;org.apache.commons.compress.harmony.unpack200.Segment.readSegment;org.apache.commons.compress.harmony.unpack200.BcBands.read;org.apache.commons.io.input.BoundedInputStream.read;org.apache.commons.io.input.ProxyInputStream.read,0.4136
org.apache.maven.surefire.booter.ForkedBooter.main;org.apache.maven.surefire.booter.ForkedBooter.run;org.apache.maven.surefire.booter.ForkedBooter.execute;org.apache.maven.surefire.booter.ForkedBooter.runSuitesInProcess;org.apache.maven.surefire.junitplatform.JUnitPlatformProvider.invoke;org.apache.maven.surefire.junitplatform.JUnitPlatformProvider.invokeAllTests;org.apache.maven.surefire.junitplatform.JUnitPlatformProvider.execute;org.apache.maven.surefire.junitplatform.LauncherAdapter.execute;org.apache.maven.surefire.junitplatform.LauncherAdapter.executeWithoutCancellationToken;org.apache.commons.compress.harmony.unpack200.ArchiveTest.testWithSqlE1;org.apache.commons.compress.harmony.unpack200.Archive.unpack;org.apache.commons.compress.harmony.unpack200.Segment.unpack;org.apache.commons.compress.harmony.unpack200.Segment.unpackProcess;org.apache.commons.compress.harmony.unpack200.Segment.parseSegment;org.apache.commons.compress.harmony.unpack200.BcBands.unpack,0.4136
org.apache.maven.surefire.booter.ForkedBooter.main;org.apache.maven.surefire.booter.ForkedBooter.run;org.apache.maven.surefire.booter.ForkedBooter.execute;org.apache.maven.surefire.booter.ForkedBooter.runSuitesInProcess;org.apache.maven.surefire.junitplatform.JUnitPlatformProvider.invoke;org.apache.maven.surefire.junitplatform.JUnitPlatformProvider.invokeAllTests;org.apache.maven.surefire.junitplatform.JUnitPlatformProvider.execute;org.apache.maven.surefire.junitplatform.LauncherAdapter.execute;org.apache.maven.surefire.junitplatform.LauncherAdapter.executeWithoutCancellationToken;org.apache.commons.compress.harmony.unpack200.ArchiveTest.testWithJNDIE1;org.apache.commons.compress.harmony.unpack200.Archive.unpack;org.apache.commons.compress.harmony.unpack200.Segment.unpack;org.apache.commons.compress.harmony.unpack200.Segment.unpackRead;org.apache.commons.compress.harmony.unpack200.Segment.readSegment;org.apache.commons.compress.harmony.unpack200.ClassBands.read;org.apache.commons.compress.harmony.unpack200.ClassBands.parseCodeBands;org.apache.commons.compress.harmony.unpack200.ClassBands.parseCodeAttrBands,0.4136
org.apache.maven.surefire.booter.ForkedBooter.main;org.apache.maven.surefire.booter.ForkedBooter.run;org.apache.maven.surefire.booter.ForkedBooter.execute;org.apache.maven.surefire.booter.ForkedBooter.runSuitesInProcess;org.apache.maven.surefire.junitplatform.JUnitPlatformProvider.invoke;org.apache.maven.surefire.junitplatform.JUnitPlatformProvider.invokeAllTests;org.apache.maven.surefire.junitplatform.JUnitPlatformProvider.execute;org.apache.maven.surefire.junitplatform.LauncherAdapter.execute;org.apache.maven.surefire.junitplatform.LauncherAdapter.executeWithoutCancellationToken;org.apache.maven.surefire.junitplatform.RunListenerAdapter.executionFinished;org.apache.maven.surefire.api.util.internal.ObjectUtils.systemProps,0.4136
org.apache.maven.surefire.booter.ForkedBooter.main;org.apache.maven.surefire.booter.ForkedBooter.run;org.apache.maven.surefire.booter.ForkedBooter.execute;org.apache.maven.surefire.booter.ForkedBooter.runSuitesInProcess;org.apache.maven.surefire.junitplatform.JUnitPlatformProvider.invoke;org.apache.maven.surefire.junitplatform.JUnitPlatformProvider.invokeAllTests;org.apache.maven.surefire.junitplatform.JUnitPlatformProvider.execute;org.apache.maven.surefire.junitplatform.LauncherAdapter.execute;org.apache.maven.surefire.junitplatform.LauncherAdapter.executeWithoutCancellationToken;org.apache.commons.compress.harmony.unpack200.ArchiveTest.testAlternativeConstructor;org.apache.commons.compress.harmony.unpack200.Archive.unpack;org.apache.commons.compress.harmony.unpack200.Segment.unpack;org.apache.commons.compress.harmony.unpack200.Segment.unpackProcess;org.apache.commons.compress.harmony.unpack200.Segment.parseSegment;org.apache.commons.compress.harmony.unpack200.BcBands.unpack,0.4136
org.apache.maven.surefire.booter.ForkedBooter.main;org.apache.maven.surefire.booter.ForkedBooter.run;org.apache.maven.surefire.booter.ForkedBooter.execute;org.apache.maven.surefire.booter.ForkedBooter.runSuitesInProcess;org.apache.maven.surefire.junitplatform.JUnitPlatformProvider.invoke;org.apache.maven.surefire.junitplatform.JUnitPlatformProvider.invokeAllTests;org.apache.maven.surefire.junitplatform.JUnitPlatformProvider.execute;org.apache.maven.surefire.junitplatform.LauncherAdapter.execute;org.apache.maven.surefire.junitplatform.LauncherAdapter.executeWithoutCancellationToken;org.apache.commons.compress.harmony.unpack200.NewAttributeBandsTest.testRecursiveReplicationLayout;org.apache.commons.compress.harmony.unpack200.NewAttributeBandsTest$$Lambda/0x000000005a407d30.execute;org.apache.commons.compress.harmony.unpack200.NewAttributeBandsTest.lambda$testRecursiveReplicationLayout$0;org.apache.commons.compress.harmony.unpack200.NewAttributeBandsTest.createNewAttributeBands;org.apache.commons.compress.harmony.unpack200.NewAttributeBandsTest$MockNewAttributeBands.<init>;org.apache.commons.compress.harmony.unpack200.NewAttributeBands.<init>;org.apache.commons.compress.harmony.unpack200.NewAttributeBands.parseLayout;org.apache.commons.compress.harmony.internal.AttributeLayoutUtils.readAttributeLayout;org.apache.commons.compress.harmony.internal.AttributeLayoutParser.readAttributeLayout;org.apache.commons.compress.harmony.internal.AttributeLayoutParser.readElement;org.apache.commons.compress.harmony.internal.AttributeLayoutParser.readLayoutElement;org.apache.commons.compress.harmony.internal.AttributeLayoutParser.readBody;org.apache.commons.compress.harmony.internal.AttributeLayoutParser.readAttributeLayout;org.apache.commons.compress.harmony.internal.AttributeLayoutParser.readElement;org.apache.commons.compress.harmony.internal.AttributeLayoutParser.readLayoutElement;org.apache.commons.compress.harmony.internal.AttributeLayoutParser.readBody;org.apache.commons.compress.harmony.internal.AttributeLayoutParser.readAttributeLayout;org.apache.commons.compress.harmony.internal.AttributeLayoutParser.readElement;org.apache.commons.compress.harmony.internal.AttributeLayoutParser.readLayoutElement;org.apache.commons.compress.harmony.internal.AttributeLayoutParser.readBody;org.apache.commons.compress.harmony.internal.AttributeLayoutParser.readAttributeLayout;org.apache.commons.compress.harmony.internal.AttributeLayoutParser.readElement;org.apache.commons.compress.harmony.internal.AttributeLayoutParser.readLayoutElement;org.apache.commons.compress.harmony.internal.AttributeLayoutParser.readBody;org.apache.commons.compress.harmony.internal.AttributeLayoutParser.readAttributeLayout;org.apache.commons.compress.harmony.internal.AttributeLayoutParser.readElement;org.apache.commons.compress.harmony.internal.AttributeLayoutParser.readLayoutElement;org.apache.commons.compress.harmony.internal.AttributeLayoutParser.readBody;org.apache.commons.compress.harmony.internal.AttributeLayoutParser.readAttributeLayout;org.apache.commons.compress.harmony.internal.AttributeLayoutParser.readElement;org.apache.commons.compress.harmony.internal.AttributeLayoutParser.readLayoutElement;org.apache.commons.compress.harmony.internal.AttributeLayoutParser.readBody;org.apache.commons.compress.harmony.internal.AttributeLayoutParser.readAttributeLayout;org.apache.commons.compress.harmony.internal.AttributeLayoutParser.readElement;org.apache.commons.compress.harmony.internal.AttributeLayoutParser.readLayoutElement;org.apache.commons.compress.harmony.internal.AttributeLayoutParser.readBody;org.apache.commons.compress.harmony.internal.AttributeLayoutParser.readAttributeLayout;org.apache.commons.compress.harmony.internal.AttributeLayoutParser.readElement;org.apache.commons.compress.harmony.internal.AttributeLayoutParser.readLayoutElement;org.apache.commons.compress.harmony.internal.AttributeLayoutParser.readBody;org.apache.commons.compress.harmony.internal.AttributeLayoutParser.readAttributeLayout;org.apache.commons.compress.harmony.internal.AttributeLayoutParser.readElement;org.apache.commons.compress.harmony.internal.AttributeLayoutParser.readLayoutElement;org.apache.commons.compress.harmony.internal.AttributeLayoutParser.readBody;org.apache.commons.compress.harmony.internal.AttributeLayoutParser.readAttributeLayout;org.apache.commons.compress.harmony.internal.AttributeLayoutParser.readElement;org.apache.commons.compress.harmony.internal.AttributeLayoutParser.readLayoutElement;org.apache.commons.compress.harmony.internal.AttributeLayoutParser.readBody;org.apache.commons.compress.harmony.internal.AttributeLayoutParser.readAttributeLayout;org.apache.commons.compress.harmony.internal.AttributeLayoutParser.readElement;org.apache.commons.compress.harmony.internal.AttributeLayoutParser.readLayoutElement;org.apache.commons.compress.harmony.internal.AttributeLayoutParser.readBody;org.apache.commons.compress.harmony.internal.AttributeLayoutParser.readAttributeLayout;org.apache.commons.compress.harmony.internal.AttributeLayoutParser.readElement;org.apache.commons.compress.harmony.internal.AttributeLayoutParser.readLayoutElement;org.apache.commons.compress.harmony.internal.AttributeLayoutParser.readBody;org.apache.commons.compress.harmony.internal.AttributeLayoutParser.readAttributeLayout;org.apache.commons.compress.harmony.internal.AttributeLayoutParser.readElement;org.apache.commons.compress.harmony.internal.AttributeLayoutParser.readLayoutElement;org.apache.commons.compress.harmony.internal.AttributeLayoutParser.readBody;org.apache.commons.compress.harmony.internal.AttributeLayoutParser.readAttributeLayout;org.apache.commons.compress.harmony.internal.AttributeLayoutParser.readElement;org.apache.commons.compress.harmony.internal.AttributeLayoutParser.readLayoutElement;org.apache.commons.compress.harmony.internal.AttributeLayoutParser.readBody;org.apache.commons.compress.harmony.internal.AttributeLayoutParser.readAttributeLayout;org.apache.commons.compress.harmony.internal.AttributeLayoutParser.readElement;org.apache.commons.compress.harmony.internal.AttributeLayoutParser.readLayoutElement;org.apache.commons.compress.harmony.internal.AttributeLayoutParser.readBody;org.apache.commons.compress.harmony.internal.AttributeLayoutParser.readAttributeLayout;org.apache.commons.compress.harmony.internal.AttributeLayoutParser.readElement;org.apache.commons.compress.harmony.internal.AttributeLayoutParser.readLayoutElement;org.apache.commons.compress.harmony.internal.AttributeLayoutParser.readBody;org.apache.commons.compress.harmony.internal.AttributeLayoutParser.readAttributeLayout;org.apache.commons.compress.harmony.internal.AttributeLayoutParser.readElement;org.apache.commons.compress.harmony.internal.AttributeLayoutParser.readLayoutElement;org.apache.commons.compress.harmony.internal.AttributeLayoutParser.readBody;org.apache.commons.compress.harmony.internal.AttributeLayoutParser.readAttributeLayout;org.apache.commons.compress.harmony.internal.AttributeLayoutParser.readElement;org.apache.commons.compress.harmony.internal.AttributeLayoutParser.readLayoutElement;org.apache.commons.compress.harmony.internal.AttributeLayoutParser.readBody;org.apache.commons.compress.harmony.internal.AttributeLayoutParser.readAttributeLayout;org.apache.commons.compress.harmony.internal.AttributeLayoutParser.readElement;org.apache.commons.compress.harmony.internal.AttributeLayoutParser.readLayoutElement;org.apache.commons.compress.harmony.internal.AttributeLayoutParser.readBody;org.apache.commons.compress.harmony.internal.AttributeLayoutParser.readAttributeLayout;org.apache.commons.compress.harmony.internal.AttributeLayoutParser.readElement;org.apache.commons.compress.harmony.internal.AttributeLayoutParser.readLayoutElement;org.apache.commons.compress.harmony.internal.AttributeLayoutParser.readBody;org.apache.commons.compress.harmony.internal.AttributeLayoutParser.readAttributeLayout;org.apache.commons.compress.harmony.internal.AttributeLayoutParser.readElement;org.apache.commons.compress.harmony.internal.AttributeLayoutParser.readLayoutElement;org.apache.commons.compress.harmony.internal.AttributeLayoutParser.readBody;org.apache.commons.compress.harmony.internal.AttributeLayoutParser.readAttributeLayout;org.apache.commons.compress.harmony.internal.AttributeLayoutParser.readElement;org.apache.commons.compress.harmony.internal.AttributeLayoutParser.readLayoutElement;org.apache.commons.compress.harmony.internal.AttributeLayoutParser.readBody;org.apache.commons.compress.harmony.internal.AttributeLayoutParser.readAttributeLayout;org.apache.commons.compress.harmony.internal.AttributeLayoutParser.readElement;org.apache.commons.compress.harmony.internal.AttributeLayoutParser.readLayoutElement;org.apache.commons.compress.harmony.internal.AttributeLayoutParser.readBody;org.apache.commons.compress.harmony.internal.AttributeLayoutParser.readAttributeLayout;org.apache.commons.compress.harmony.internal.AttributeLayoutParser.readElement;org.apache.commons.compress.harmony.internal.AttributeLayoutParser.readLayoutElement;org.apache.commons.compress.harmony.internal.AttributeLayoutParser.readBody;org.apache.commons.compress.harmony.internal.AttributeLayoutParser.readAttributeLayout;org.apache.commons.compress.harmony.internal.AttributeLayoutParser.readElement;org.apache.commons.compress.harmony.internal.AttributeLayoutParser.readLayoutElement;org.apache.commons.compress.harmony.internal.AttributeLayoutParser.readBody;org.apache.commons.compress.harmony.internal.AttributeLayoutParser.readAttributeLayout;org.apache.commons.compress.harmony.internal.AttributeLayoutParser.readElement;org.apache.commons.compress.harmony.internal.AttributeLayoutParser.readLayoutElement;org.apache.commons.compress.harmony.internal.AttributeLayoutParser.readBody;org.apache.commons.compress.harmony.internal.AttributeLayoutParser.readAttributeLayout;org.apache.commons.compress.harmony.internal.AttributeLayoutParser.readElement;org.apache.commons.compress.harmony.internal.AttributeLayoutParser.readLayoutElement;org.apache.commons.compress.harmony.internal.AttributeLayoutParser.readBody;org.apache.commons.compress.harmony.internal.AttributeLayoutParser.readAttributeLayout;org.apache.commons.compress.harmony.internal.AttributeLayoutParser.readElement;org.apache.commons.compress.harmony.internal.AttributeLayoutParser.readLayoutElement;org.apache.commons.compress.harmony.internal.AttributeLayoutParser.readBody;org.apache.commons.compress.harmony.internal.AttributeLayoutParser.readAttributeLayout;org.apache.commons.compress.harmony.internal.AttributeLayoutParser.readElement;org.apache.commons.compress.harmony.internal.AttributeLayoutParser.readLayoutElement;org.apache.commons.compress.harmony.internal.AttributeLayoutParser.readBody;org.apache.commons.compress.harmony.internal.AttributeLayoutParser.readAttributeLayout;org.apache.commons.compress.harmony.internal.AttributeLayoutParser.readElement;org.apache.commons.compress.harmony.internal.AttributeLayoutParser.readLayoutElement;org.apache.commons.compress.harmony.internal.AttributeLayoutParser.readBody;org.apache.commons.compress.harmony.internal.AttributeLayoutParser.readAttributeLayout;org.apache.commons.compress.harmony.internal.AttributeLayoutParser.readElement;org.apache.commons.compress.harmony.internal.AttributeLayoutParser.readLayoutElement;org.apache.commons.compress.harmony.internal.AttributeLayoutParser.readBody;org.apache.commons.compress.harmony.internal.AttributeLayoutParser.readAttributeLayout;org.apache.commons.compress.harmony.internal.AttributeLayoutParser.readElement;org.apache.commons.compress.harmony.internal.AttributeLayoutParser.readLayoutElement;org.apache.commons.compress.harmony.internal.AttributeLayoutParser.readBody;org.apache.commons.compress.harmony.internal.AttributeLayoutParser.readAttributeLayout;org.apache.commons.compress.harmony.internal.AttributeLayoutParser.readElement;org.apache.commons.compress.harmony.internal.AttributeLayoutParser.readLayoutElement;org.apache.commons.compress.harmony.internal.AttributeLayoutParser.readBody;org.apache.commons.compress.harmony.internal.AttributeLayoutParser.readAttributeLayout;org.apache.commons.compress.harmony.internal.AttributeLayoutParser.readElement;org.apache.commons.compress.harmony.internal.AttributeLayoutParser.readLayoutElement;org.apache.commons.compress.harmony.internal.AttributeLayoutParser.readBody;org.apache.commons.compress.harmony.internal.AttributeLayoutParser.readAttributeLayout;org.apache.commons.compress.harmony.internal.AttributeLayoutParser.readElement;org.apache.commons.compress.harmony.internal.AttributeLayoutParser.readLayoutElement;org.apache.commons.compress.harmony.internal.AttributeLayoutParser.readBody;org.apache.commons.compress.harmony.internal.AttributeLayoutParser.readAttributeLayout;org.apache.commons.compress.harmony.internal.AttributeLayoutParser.readElement;org.apache.commons.compress.harmony.internal.AttributeLayoutParser.readLayoutElement;org.apache.commons.compress.harmony.internal.AttributeLayoutParser.readBody;org.apache.commons.compress.harmony.internal.AttributeLayoutParser.readAttributeLayout;org.apache.commons.compress.harmony.internal.AttributeLayoutParser.readElement;org.apache.commons.compress.harmony.internal.AttributeLayoutParser.readLayoutElement;org.apache.commons.compress.harmony.internal.AttributeLayoutParser.readBody;org.apache.commons.compress.harmony.internal.AttributeLayoutParser.readAttributeLayout;org.apache.commons.compress.harmony.internal.AttributeLayoutParser.readElement;org.apache.commons.compress.harmony.internal.AttributeLayoutParser.readLayoutElement;org.apache.commons.compress.harmony.internal.AttributeLayoutParser.readBody;org.apache.commons.compress.harmony.internal.AttributeLayoutParser.readAttributeLayout;org.apache.commons.compress.harmony.internal.AttributeLayoutParser.readElement;org.apache.commons.compress.harmony.internal.AttributeLayoutParser.readLayoutElement;org.apache.commons.compress.harmony.internal.AttributeLayoutParser.readBody;org.apache.commons.compress.harmony.internal.AttributeLayoutParser.readAttributeLayout;org.apache.commons.compress.harmony.internal.AttributeLayoutParser.readElement;org.apache.commons.compress.harmony.internal.AttributeLayoutParser.readLayoutElement;org.apache.commons.compress.harmony.internal.AttributeLayoutParser.readBody;org.apache.commons.compress.harmony.internal.AttributeLayoutParser.readAttributeLayout;org.apache.commons.compress.harmony.internal.AttributeLayoutParser.readElement;org.apache.commons.compress.harmony.internal.AttributeLayoutParser.readLayoutElement;org.apache.commons.compress.harmony.internal.AttributeLayoutParser.readBody;org.apache.commons.compress.harmony.internal.AttributeLayoutParser.readAttributeLayout;org.apache.commons.compress.harmony.internal.AttributeLayoutParser.readElement;org.apache.commons.compress.harmony.internal.AttributeLayoutParser.readLayoutElement;org.apache.commons.compress.harmony.internal.AttributeLayoutParser.readBody;org.apache.commons.compress.harmony.internal.AttributeLayoutParser.readAttributeLayout;org.apache.commons.compress.harmony.internal.AttributeLayoutParser.readElement;org.apache.commons.compress.harmony.internal.AttributeLayoutParser.readLayoutElement;org.apache.commons.compress.harmony.internal.AttributeLayoutParser.readBody;org.apache.commons.compress.harmony.internal.AttributeLayoutParser.readAttributeLayout;org.apache.commons.compress.harmony.internal.AttributeLayoutParser.readElement;org.apache.commons.compress.harmony.internal.AttributeLayoutParser.readLayoutElement;org.apache.commons.compress.harmony.internal.AttributeLayoutParser.readBody;org.apache.commons.compress.harmony.internal.AttributeLayoutParser.readAttributeLayout;org.apache.commons.compress.harmony.internal.AttributeLayoutParser.readElement;org.apache.commons.compress.harmony.internal.AttributeLayoutParser.readLayoutElement;org.apache.commons.compress.harmony.internal.AttributeLayoutParser.readBody;org.apache.commons.compress.harmony.internal.AttributeLayoutParser.readAttributeLayout;org.apache.commons.compress.harmony.internal.AttributeLayoutParser.readElement;org.apache.commons.compress.harmony.internal.AttributeLayoutParser.readLayoutElement;org.apache.commons.compress.harmony.internal.AttributeLayoutParser.readBody;org.apache.commons.compress.harmony.internal.AttributeLayoutParser.readAttributeLayout;org.apache.commons.compress.harmony.internal.AttributeLayoutParser.readElement;org.apache.commons.compress.harmony.internal.AttributeLayoutParser.readLayoutElement;org.apache.commons.compress.harmony.internal.AttributeLayoutParser.readBody;org.apache.commons.compress.harmony.internal.AttributeLayoutParser.readAttributeLayout;org.apache.commons.compress.harmony.internal.AttributeLayoutParser.readElement;org.apache.commons.compress.harmony.internal.AttributeLayoutParser.readLayoutElement;org.apache.commons.compress.harmony.internal.AttributeLayoutParser.readBody;org.apache.commons.compress.harmony.internal.AttributeLayoutParser.readAttributeLayout;org.apache.commons.compress.harmony.internal.AttributeLayoutParser.readElement;org.apache.commons.compress.harmony.internal.AttributeLayoutParser.readLayoutElement,0.4136
org.apache.maven.surefire.booter.ForkedBooter.main;org.apache.maven.surefire.booter.ForkedBooter.run;org.apache.maven.surefire.booter.ForkedBooter.execute;org.apache.maven.surefire.booter.ForkedBooter.runSuitesInProcess;org.apache.maven.surefire.junitplatform.JUnitPlatformProvider.invoke;org.apache.maven.surefire.junitplatform.JUnitPlatformProvider.invokeAllTests;org.apache.maven.surefire.junitplatform.JUnitPlatformProvider.execute;org.apache.maven.surefire.junitplatform.LauncherAdapter.execute;org.apache.maven.surefire.junitplatform.LauncherAdapter.executeWithoutCancellationToken;org.apache.commons.compress.utils.MultiReadOnlySeekableByteChannelTest.testCheckForString;org.apache.commons.compress.utils.MultiReadOnlySeekableByteChannelTest.check;org.apache.commons.compress.utils.MultiReadOnlySeekableByteChannelTest.check;org.apache.commons.compress.utils.MultiReadOnlySeekableByteChannelTest.check,1.2407
org.apache.maven.surefire.booter.ForkedBooter.main;org.apache.maven.surefire.booter.ForkedBooter.run;org.apache.maven.surefire.booter.ForkedBooter.execute;org.apache.maven.surefire.booter.ForkedBooter.runSuitesInProcess;org.apache.maven.surefire.junitplatform.JUnitPlatformProvider.invoke;org.apache.maven.surefire.junitplatform.JUnitPlatformProvider.invokeAllTests;org.apache.maven.surefire.junitplatform.JUnitPlatformProvider.execute;org.apache.maven.surefire.junitplatform.LauncherAdapter.execute;org.apache.maven.surefire.junitplatform.LauncherAdapter.executeWithoutCancellationToken;org.apache.commons.compress.harmony.unpack200.ArchiveTest.testLoggingOptions;org.apache.commons.compress.harmony.unpack200.Archive.unpack;org.apache.commons.compress.harmony.unpack200.Segment.unpack;org.apache.commons.compress.harmony.unpack200.Segment.unpackProcess;org.apache.commons.compress.harmony.unpack200.Segment.parseSegment;org.apache.commons.compress.harmony.unpack200.Segment.buildClassFile;org.apache.commons.compress.harmony.unpack200.bytecode.ClassConstantPool.addNestedEntries;org.apache.commons.compress.harmony.unpack200.bytecode.ByteCode.nestedMustStartClassPool,0.4136
org.apache.maven.surefire.booter.ForkedBooter.main;org.apache.maven.surefire.booter.ForkedBooter.run;org.apache.maven.surefire.booter.ForkedBooter.execute;org.apache.maven.surefire.booter.ForkedBooter.runSuitesInProcess;org.apache.maven.surefire.junitplatform.JUnitPlatformProvider.invoke;org.apache.maven.surefire.junitplatform.JUnitPlatformProvider.invokeAllTests;org.apache.maven.surefire.junitplatform.JUnitPlatformProvider.execute;org.apache.maven.surefire.junitplatform.LauncherAdapter.execute;org.apache.maven.surefire.junitplatform.LauncherAdapter.executeWithoutCancellationToken;org.apache.commons.compress.harmony.unpack200.ArchiveTest.testWithSqlE1;org.apache.commons.compress.harmony.unpack200.Archive.unpack;org.apache.commons.compress.harmony.unpack200.Segment.unpack;org.apache.commons.compress.harmony.unpack200.Segment.unpackProcess;org.apache.commons.compress.harmony.unpack200.Segment.parseSegment;org.apache.commons.compress.harmony.unpack200.bytecode.ClassFile.write;org.apache.commons.compress.harmony.unpack200.bytecode.ClassFileEntry.write;org.apache.commons.compress.harmony.unpack200.bytecode.CPMember.doWrite;org.apache.commons.compress.harmony.unpack200.bytecode.Attribute.doWrite;org.apache.commons.compress.harmony.unpack200.bytecode.CodeAttribute.writeBody;org.apache.commons.compress.harmony.unpack200.bytecode.ClassFileEntry.write;org.apache.commons.compress.harmony.unpack200.bytecode.Attribute.doWrite;org.apache.commons.compress.harmony.unpack200.bytecode.LineNumberTableAttribute.writeBody,0.4136
org.apache.maven.surefire.booter.ForkedBooter.main;org.apache.maven.surefire.booter.ForkedBooter.run;org.apache.maven.surefire.booter.ForkedBooter.execute;org.apache.maven.surefire.booter.ForkedBooter.runSuitesInProcess;org.apache.maven.surefire.junitplatform.JUnitPlatformProvider.invoke;org.apache.maven.surefire.junitplatform.JUnitPlatformProvider.invokeAllTests;org.apache.maven.surefire.junitplatform.JUnitPlatformProvider.execute;org.apache.maven.surefire.junitplatform.LauncherAdapter.execute;org.apache.maven.surefire.junitplatform.LauncherAdapter.executeWithoutCancellationToken;org.apache.maven.surefire.junitplatform.RunListenerAdapter.executionFinished;org.apache.maven.surefire.api.booter.ForkingRunListener.testSetCompleted;org.apache.maven.surefire.booter.spi.EventChannelEncoder.testSetCompleted;org.apache.maven.surefire.booter.spi.EventChannelEncoder.encodeSystemProperties;org.apache.maven.surefire.booter.spi.EventChannelEncoder.write;org.apache.maven.surefire.api.stream.AbstractStreamEncoder.write;org.apache.maven.surefire.api.util.internal.AbstractNoninterruptibleWritableChannel.write;org.apache.maven.surefire.api.util.internal.AbstractNoninterruptibleWritableChannel.write;org.apache.maven.surefire.api.util.internal.Channels$4.flushImpl,0.4136
org.apache.maven.surefire.booter.ForkedBooter.main;org.apache.maven.surefire.booter.ForkedBooter.run;org.apache.maven.surefire.booter.ForkedBooter.execute;org.apache.maven.surefire.booter.ForkedBooter.runSuitesInProcess;org.apache.maven.surefire.junitplatform.JUnitPlatformProvider.invoke;org.apache.maven.surefire.junitplatform.JUnitPlatformProvider.invokeAllTests;org.apache.maven.surefire.junitplatform.JUnitPlatformProvider.execute;org.apache.maven.surefire.junitplatform.LauncherAdapter.execute;org.apache.maven.surefire.junitplatform.LauncherAdapter.executeWithoutCancellationToken;org.apache.commons.compress.harmony.unpack200.ArchiveTest.testAlternativeConstructor;org.apache.commons.compress.harmony.unpack200.Archive.unpack;org.apache.commons.compress.harmony.unpack200.Segment.unpack;org.apache.commons.compress.harmony.unpack200.Segment.unpackProcess;org.apache.commons.compress.harmony.unpack200.Segment.parseSegment;org.apache.commons.compress.harmony.unpack200.Segment.buildClassFile;org.apache.commons.compress.harmony.unpack200.bytecode.ClassConstantPool.addNestedEntries;org.apache.commons.compress.harmony.unpack200.bytecode.ClassConstantPool.add,0.4136
org.apache.maven.surefire.booter.ForkedBooter.main;org.apache.maven.surefire.booter.ForkedBooter.run;org.apache.maven.surefire.booter.ForkedBooter.execute;org.apache.maven.surefire.booter.ForkedBooter.runSuitesInProcess;org.apache.maven.surefire.junitplatform.JUnitPlatformProvider.invoke;org.apache.maven.surefire.junitplatform.JUnitPlatformProvider.invokeAllTests;org.apache.maven.surefire.junitplatform.JUnitPlatformProvider.execute;org.apache.maven.surefire.junitplatform.LauncherAdapter.execute;org.apache.maven.surefire.junitplatform.LauncherAdapter.executeWithoutCancellationToken;org.apache.maven.surefire.junitplatform.RunListenerAdapter.executionSkipped;org.apache.maven.surefire.api.booter.ForkingRunListener.testSkipped;org.apache.maven.surefire.booter.spi.EventChannelEncoder.testSkipped;org.apache.maven.surefire.booter.spi.EventChannelEncoder.encode;org.apache.maven.surefire.booter.spi.EventChannelEncoder.encode;org.apache.maven.surefire.api.stream.AbstractStreamEncoder.encodeString,0.4136
org.apache.maven.surefire.booter.ForkedBooter.main;org.apache.maven.surefire.booter.ForkedBooter.run;org.apache.maven.surefire.booter.ForkedBooter.execute;org.apache.maven.surefire.booter.ForkedBooter.runSuitesInProcess;org.apache.maven.surefire.junitplatform.JUnitPlatformProvider.invoke;org.apache.maven.surefire.junitplatform.JUnitPlatformProvider.invokeAllTests;org.apache.maven.surefire.junitplatform.JUnitPlatformProvider.execute;org.apache.maven.surefire.junitplatform.LauncherAdapter.execute;org.apache.maven.surefire.junitplatform.LauncherAdapter.executeWithoutCancellationToken;org.apache.commons.compress.harmony.unpack200.ArchiveTest.testWithSqlE1;org.apache.commons.compress.harmony.unpack200.Archive.unpack;org.apache.commons.compress.harmony.unpack200.Segment.unpack;org.apache.commons.compress.harmony.unpack200.Segment.unpackWrite;org.apache.commons.compress.harmony.unpack200.Segment.writeJar,0.4136
org.apache.maven.surefire.booter.ForkedBooter.main;org.apache.maven.surefire.booter.ForkedBooter.run;org.apache.maven.surefire.booter.ForkedBooter.execute;org.apache.maven.surefire.booter.ForkedBooter.runSuitesInProcess;org.apache.maven.surefire.junitplatform.JUnitPlatformProvider.invoke;org.apache.maven.surefire.junitplatform.JUnitPlatformProvider.invokeAllTests;org.apache.maven.surefire.junitplatform.JUnitPlatformProvider.execute;org.apache.maven.surefire.junitplatform.LauncherAdapter.execute;org.apache.maven.surefire.junitplatform.LauncherAdapter.executeWithoutCancellationToken;org.apache.commons.compress.harmony.unpack200.ArchiveTest.testLoggingOptions;org.apache.commons.compress.harmony.unpack200.Archive.unpack;org.apache.commons.compress.harmony.unpack200.Segment.unpack;org.apache.commons.compress.harmony.unpack200.Segment.unpackProcess;org.apache.commons.compress.harmony.unpack200.Segment.parseSegment;org.apache.commons.compress.harmony.unpack200.BcBands.unpack;org.apache.commons.compress.harmony.unpack200.bytecode.CodeAttribute.<init>;org.apache.commons.compress.harmony.unpack200.bytecode.ByteCode.extractOperands;org.apache.commons.compress.harmony.unpack200.bytecode.forms.ReferenceForm.setByteCodeOperands;org.apache.commons.compress.harmony.unpack200.bytecode.forms.ClassSpecificReferenceForm.setNestedEntries;org.apache.commons.compress.harmony.unpack200.SegmentConstantPool.getClassSpecificPoolEntry;org.apache.commons.compress.harmony.unpack200.SegmentConstantPool.getConstantPoolEntry;org.apache.commons.compress.harmony.unpack200.CpBands.cpFieldValue;org.apache.commons.compress.harmony.unpack200.CpBands.cpNameAndTypeValue;org.apache.commons.compress.harmony.unpack200.CpBands$$Lambda/0x000000005a3f9e48.apply;org.apache.commons.compress.harmony.unpack200.CpBands.lambda$cpNameAndTypeValue$0;org.apache.commons.compress.harmony.unpack200.CpBands.cpUTF8Value,0.4136
org.apache.maven.surefire.booter.ForkedBooter.main;org.apache.maven.surefire.booter.ForkedBooter.run;org.apache.maven.surefire.booter.ForkedBooter.execute;org.apache.maven.surefire.booter.ForkedBooter.runSuitesInProcess;org.apache.maven.surefire.junitplatform.JUnitPlatformProvider.invoke;org.apache.maven.surefire.junitplatform.JUnitPlatformProvider.invokeAllTests;org.apache.maven.surefire.junitplatform.JUnitPlatformProvider.execute;org.apache.maven.surefire.junitplatform.LauncherAdapter.execute;org.apache.maven.surefire.junitplatform.LauncherAdapter.executeWithoutCancellationToken;org.apache.commons.compress.harmony.unpack200.NewAttributeBandsTest.testRecursiveReplicationLayout;org.apache.commons.compress.harmony.unpack200.NewAttributeBandsTest$$Lambda/0x000000005a407d30.execute;org.apache.commons.compress.harmony.unpack200.NewAttributeBandsTest.lambda$testRecursiveReplicationLayout$0;org.apache.commons.compress.harmony.unpack200.NewAttributeBandsTest.createNewAttributeBands;org.apache.commons.compress.harmony.unpack200.NewAttributeBandsTest$MockNewAttributeBands.<init>;org.apache.commons.compress.harmony.unpack200.NewAttributeBands.<init>;org.apache.commons.compress.harmony.unpack200.NewAttributeBands.parseLayout;org.apache.commons.compress.harmony.internal.AttributeLayoutUtils.readAttributeLayout;org.apache.commons.compress.harmony.internal.AttributeLayoutParser.readAttributeLayout;org.apache.commons.compress.harmony.internal.AttributeLayoutParser.readElement;org.apache.commons.compress.harmony.internal.AttributeLayoutParser.readLayoutElement;org.apache.commons.compress.harmony.internal.AttributeLayoutParser.readBody;org.apache.commons.compress.harmony.internal.AttributeLayoutParser.readAttributeLayout;org.apache.commons.compress.harmony.internal.AttributeLayoutParser.readElement;org.apache.commons.compress.harmony.internal.AttributeLayoutParser.readLayoutElement;org.apache.commons.compress.harmony.internal.AttributeLayoutParser.readBody;org.apache.commons.compress.harmony.internal.AttributeLayoutParser.readAttributeLayout;org.apache.commons.compress.harmony.internal.AttributeLayoutParser.readElement;org.apache.commons.compress.harmony.internal.AttributeLayoutParser.readLayoutElement;org.apache.commons.compress.harmony.internal.AttributeLayoutParser.readBody;org.apache.commons.compress.harmony.internal.AttributeLayoutParser.readAttributeLayout;org.apache.commons.compress.harmony.internal.AttributeLayoutParser.readElement;org.apache.commons.compress.harmony.internal.AttributeLayoutParser.readLayoutElement;org.apache.commons.compress.harmony.internal.AttributeLayoutParser.readBody;org.apache.commons.compress.harmony.internal.AttributeLayoutParser.readAttributeLayout;org.apache.commons.compress.harmony.internal.AttributeLayoutParser.readElement;org.apache.commons.compress.harmony.internal.AttributeLayoutParser.readLayoutElement;org.apache.commons.compress.harmony.internal.AttributeLayoutParser.readBody;org.apache.commons.compress.harmony.internal.AttributeLayoutParser.readAttributeLayout;org.apache.commons.compress.harmony.internal.AttributeLayoutParser.readElement;org.apache.commons.compress.harmony.internal.AttributeLayoutParser.readLayoutElement;org.apache.commons.compress.harmony.internal.AttributeLayoutParser.readBody;org.apache.commons.compress.harmony.internal.AttributeLayoutParser.readAttributeLayout;org.apache.commons.compress.harmony.internal.AttributeLayoutParser.readElement;org.apache.commons.compress.harmony.internal.AttributeLayoutParser.readLayoutElement;org.apache.commons.compress.harmony.internal.AttributeLayoutParser.readBody;org.apache.commons.compress.harmony.internal.AttributeLayoutParser.readAttributeLayout;org.apache.commons.compress.harmony.internal.AttributeLayoutParser.readElement;org.apache.commons.compress.harmony.internal.AttributeLayoutParser.readLayoutElement;org.apache.commons.compress.harmony.internal.AttributeLayoutParser.readBody;org.apache.commons.compress.harmony.internal.AttributeLayoutParser.readAttributeLayout;org.apache.commons.compress.harmony.internal.AttributeLayoutParser.readElement;org.apache.commons.compress.harmony.internal.AttributeLayoutParser.readLayoutElement;org.apache.commons.compress.harmony.internal.AttributeLayoutParser.readBody;org.apache.commons.compress.harmony.internal.AttributeLayoutParser.readAttributeLayout;org.apache.commons.compress.harmony.internal.AttributeLayoutParser.readElement;org.apache.commons.compress.harmony.internal.AttributeLayoutParser.readLayoutElement;org.apache.commons.compress.harmony.internal.AttributeLayoutParser.readBody;org.apache.commons.compress.harmony.internal.AttributeLayoutParser.readAttributeLayout;org.apache.commons.compress.harmony.internal.AttributeLayoutParser.readElement;org.apache.commons.compress.harmony.internal.AttributeLayoutParser.readLayoutElement;org.apache.commons.compress.harmony.internal.AttributeLayoutParser.readBody;org.apache.commons.compress.harmony.internal.AttributeLayoutParser.readAttributeLayout;org.apache.commons.compress.harmony.internal.AttributeLayoutParser.readElement;org.apache.commons.compress.harmony.internal.AttributeLayoutParser.readLayoutElement;org.apache.commons.compress.harmony.internal.AttributeLayoutParser.readBody;org.apache.commons.compress.harmony.internal.AttributeLayoutParser.readAttributeLayout;org.apache.commons.compress.harmony.internal.AttributeLayoutParser.readElement;org.apache.commons.compress.harmony.internal.AttributeLayoutParser.readLayoutElement;org.apache.commons.compress.harmony.internal.AttributeLayoutParser.readBody;org.apache.commons.compress.harmony.internal.AttributeLayoutParser.readAttributeLayout;org.apache.commons.compress.harmony.internal.AttributeLayoutParser.readElement;org.apache.commons.compress.harmony.internal.AttributeLayoutParser.readLayoutElement;org.apache.commons.compress.harmony.internal.AttributeLayoutParser.readBody;org.apache.commons.compress.harmony.internal.AttributeLayoutParser.readAttributeLayout;org.apache.commons.compress.harmony.internal.AttributeLayoutParser.readElement;org.apache.commons.compress.harmony.internal.AttributeLayoutParser.readLayoutElement;org.apache.commons.compress.harmony.internal.AttributeLayoutParser.readBody;org.apache.commons.compress.harmony.internal.AttributeLayoutParser.readAttributeLayout;org.apache.commons.compress.harmony.internal.AttributeLayoutParser.readElement;org.apache.commons.compress.harmony.internal.AttributeLayoutParser.readLayoutElement;org.apache.commons.compress.harmony.internal.AttributeLayoutParser.readBody;org.apache.commons.compress.harmony.internal.AttributeLayoutParser.readAttributeLayout;org.apache.commons.compress.harmony.internal.AttributeLayoutParser.readElement;org.apache.commons.compress.harmony.internal.AttributeLayoutParser.readLayoutElement;org.apache.commons.compress.harmony.internal.AttributeLayoutParser.readBody;org.apache.commons.compress.harmony.internal.AttributeLayoutParser.readAttributeLayout;org.apache.commons.compress.harmony.internal.AttributeLayoutParser.readElement;org.apache.commons.compress.harmony.internal.AttributeLayoutParser.readLayoutElement;org.apache.commons.compress.harmony.internal.AttributeLayoutParser.readBody;org.apache.commons.compress.harmony.internal.AttributeLayoutParser.readAttributeLayout;org.apache.commons.compress.harmony.internal.AttributeLayoutParser.readElement;org.apache.commons.compress.harmony.internal.AttributeLayoutParser.readLayoutElement;org.apache.commons.compress.harmony.internal.AttributeLayoutParser.readBody;org.apache.commons.compress.harmony.internal.AttributeLayoutParser.readAttributeLayout;org.apache.commons.compress.harmony.internal.AttributeLayoutParser.readElement;org.apache.commons.compress.harmony.internal.AttributeLayoutParser.readLayoutElement;org.apache.commons.compress.harmony.internal.AttributeLayoutParser.readBody;org.apache.commons.compress.harmony.internal.AttributeLayoutParser.expect,0.4136
org.apache.maven.surefire.booter.ForkedBooter.main;org.apache.maven.surefire.booter.ForkedBooter.run;org.apache.maven.surefire.booter.ForkedBooter.execute;org.apache.maven.surefire.booter.ForkedBooter.runSuitesInProcess;org.apache.maven.surefire.junitplatform.JUnitPlatformProvider.invoke;org.apache.maven.surefire.junitplatform.JUnitPlatformProvider.invokeAllTests;org.apache.maven.surefire.junitplatform.JUnitPlatformProvider.execute;org.apache.maven.surefire.junitplatform.LauncherAdapter.execute;org.apache.maven.surefire.junitplatform.LauncherAdapter.executeWithoutCancellationToken;org.apache.commons.compress.utils.FixedLengthBlockOutputStreamTest.testSmallWrite;org.apache.commons.compress.utils.FixedLengthBlockOutputStreamTest.testWriteAndPad;org.apache.commons.compress.utils.FixedLengthBlockOutputStreamTest.validate,0.4136
org.apache.maven.surefire.booter.ForkedBooter.main;org.apache.maven.surefire.booter.ForkedBooter.run;org.apache.maven.surefire.booter.ForkedBooter.execute;org.apache.maven.surefire.booter.ForkedBooter.runSuitesInProcess;org.apache.maven.surefire.junitplatform.JUnitPlatformProvider.invoke;org.apache.maven.surefire.junitplatform.JUnitPlatformProvider.invokeAllTests;org.apache.maven.surefire.junitplatform.JUnitPlatformProvider.execute;org.apache.maven.surefire.junitplatform.LauncherAdapter.execute;org.apache.maven.surefire.junitplatform.LauncherAdapter.executeWithoutCancellationToken;org.apache.maven.surefire.junitplatform.RunListenerAdapter.executionStarted;org.apache.maven.surefire.junitplatform.RunListenerAdapter.createReportEntry;org.apache.maven.surefire.junitplatform.RunListenerAdapter.createReportEntry;org.apache.maven.surefire.junitplatform.RunListenerAdapter.createReportEntry;org.apache.maven.surefire.junitplatform.RunListenerAdapter.toClassMethodName;org.apache.maven.surefire.junitplatform.RunListenerAdapter.findTopParent;org.apache.maven.surefire.junitplatform.RunListenerAdapter.findTopParent,0.8271
org.apache.maven.surefire.booter.ForkedBooter.main;org.apache.maven.surefire.booter.ForkedBooter.run;org.apache.maven.surefire.booter.ForkedBooter.execute;org.apache.maven.surefire.booter.ForkedBooter.runSuitesInProcess;org.apache.maven.surefire.junitplatform.JUnitPlatformProvider.invoke;org.apache.maven.surefire.junitplatform.JUnitPlatformProvider.invokeAllTests;org.apache.maven.surefire.junitplatform.JUnitPlatformProvider.execute;org.apache.maven.surefire.junitplatform.LauncherAdapter.execute;org.apache.maven.surefire.junitplatform.LauncherAdapter.executeWithoutCancellationToken;org.apache.commons.compress.harmony.unpack200.ArchiveTest.testWithJNDIE1;org.apache.commons.compress.harmony.unpack200.Archive.unpack;org.apache.commons.compress.harmony.unpack200.Segment.unpack;org.apache.commons.compress.harmony.unpack200.Segment.unpackProcess;org.apache.commons.compress.harmony.unpack200.Segment.parseSegment;org.apache.commons.compress.harmony.unpack200.BcBands.unpack,0.4136
org.apache.maven.surefire.booter.ForkedBooter.main;org.apache.maven.surefire.booter.ForkedBooter.run;org.apache.maven.surefire.booter.ForkedBooter.execute;org.apache.maven.surefire.booter.ForkedBooter.runSuitesInProcess;org.apache.maven.surefire.junitplatform.JUnitPlatformProvider.invoke;org.apache.maven.surefire.junitplatform.JUnitPlatformProvider.invokeAllTests;org.apache.maven.surefire.junitplatform.JUnitPlatformProvider.execute;org.apache.maven.surefire.junitplatform.LauncherAdapter.execute;org.apache.maven.surefire.junitplatform.LauncherAdapter.executeWithoutCancellationToken;org.apache.commons.compress.harmony.unpack200.ArchiveTest.testLoggingOptions,0.4136
org.apache.maven.surefire.booter.ForkedBooter.main;org.apache.maven.surefire.booter.ForkedBooter.run;org.apache.maven.surefire.booter.ForkedBooter.execute;org.apache.maven.surefire.booter.ForkedBooter.runSuitesInProcess;org.apache.maven.surefire.junitplatform.JUnitPlatformProvider.invoke;org.apache.maven.surefire.junitplatform.JUnitPlatformProvider.invokeAllTests;org.apache.maven.surefire.junitplatform.JUnitPlatformProvider.execute;org.apache.maven.surefire.junitplatform.LauncherAdapter.execute;org.apache.maven.surefire.junitplatform.LauncherAdapter.executeWithoutCancellationToken;org.apache.maven.surefire.junitplatform.RunListenerAdapter.executionStarted;org.apache.maven.surefire.junitplatform.RunListenerAdapter.createReportEntry;org.apache.maven.surefire.junitplatform.RunListenerAdapter.createReportEntry;org.apache.maven.surefire.junitplatform.RunListenerAdapter.createReportEntry;org.apache.maven.surefire.junitplatform.RunListenerAdapter.toClassMethodName;org.apache.maven.surefire.junitplatform.RunListenerAdapter.findDisplayNameTagValue,0.8271
org.apache.maven.surefire.booter.ForkedBooter.main;org.apache.maven.surefire.booter.ForkedBooter.run;org.apache.maven.surefire.booter.ForkedBooter.execute;org.apache.maven.surefire.booter.ForkedBooter.runSuitesInProcess;org.apache.maven.surefire.junitplatform.JUnitPlatformProvider.invoke;org.apache.maven.surefire.junitplatform.JUnitPlatformProvider.invokeAllTests;org.apache.maven.surefire.junitplatform.JUnitPlatformProvider.execute;org.apache.maven.surefire.junitplatform.LauncherAdapter.execute;org.apache.maven.surefire.junitplatform.LauncherAdapter.executeWithoutCancellationToken;org.apache.commons.compress.harmony.unpack200.ArchiveTest.testLoggingOptions;org.apache.commons.compress.harmony.unpack200.Archive.unpack;org.apache.commons.compress.harmony.unpack200.Segment.unpack;org.apache.commons.compress.harmony.unpack200.Segment.unpackProcess;org.apache.commons.compress.harmony.unpack200.Segment.parseSegment;org.apache.commons.compress.harmony.unpack200.bytecode.ClassFile.write;org.apache.commons.compress.harmony.unpack200.bytecode.ClassFileEntry.write;org.apache.commons.compress.harmony.unpack200.bytecode.CPMember.doWrite;org.apache.commons.compress.harmony.unpack200.bytecode.Attribute.doWrite;org.apache.commons.compress.harmony.unpack200.bytecode.CodeAttribute.writeBody,0.4136
org.apache.maven.surefire.booter.ForkedBooter.main;org.apache.maven.surefire.booter.ForkedBooter.run;org.apache.maven.surefire.booter.ForkedBooter.execute;org.apache.maven.surefire.booter.ForkedBooter.runSuitesInProcess;org.apache.maven.surefire.junitplatform.JUnitPlatformProvider.invoke;org.apache.maven.surefire.junitplatform.JUnitPlatformProvider.invokeAllTests;org.apache.maven.surefire.junitplatform.JUnitPlatformProvider.execute;org.apache.maven.surefire.junitplatform.LauncherAdapter.execute;org.apache.maven.surefire.junitplatform.LauncherAdapter.executeWithoutCancellationToken;org.apache.commons.compress.harmony.unpack200.ArchiveTest.testWithJNDIE1;org.apache.commons.compress.harmony.unpack200.Archive.unpack;org.apache.commons.compress.harmony.unpack200.Segment.unpack;org.apache.commons.compress.harmony.unpack200.Segment.unpackWrite;org.apache.commons.compress.harmony.unpack200.Segment.writeJar,1.2407
org.apache.maven.surefire.booter.ForkedBooter.main;org.apache.maven.surefire.booter.ForkedBooter.run;org.apache.maven.surefire.booter.ForkedBooter.execute;org.apache.maven.surefire.booter.ForkedBooter.runSuitesInProcess;org.apache.maven.surefire.junitplatform.JUnitPlatformProvider.invoke;org.apache.maven.surefire.junitplatform.JUnitPlatformProvider.invokeAllTests;org.apache.maven.surefire.junitplatform.JUnitPlatformProvider.execute;org.apache.maven.surefire.junitplatform.LauncherAdapter.execute;org.apache.maven.surefire.junitplatform.LauncherAdapter.executeWithoutCancellationToken;org.apache.commons.compress.harmony.unpack200.ArchiveTest.testWithJNDIE1;org.apache.commons.compress.harmony.unpack200.Archive.unpack;org.apache.commons.compress.harmony.unpack200.Segment.unpack;org.apache.commons.compress.harmony.unpack200.Segment.unpackProcess;org.apache.commons.compress.harmony.unpack200.Segment.parseSegment;org.apache.commons.compress.harmony.unpack200.bytecode.ClassFile.write;org.apache.commons.compress.harmony.unpack200.bytecode.ClassFileEntry.write;org.apache.commons.compress.harmony.unpack200.bytecode.CPMember.doWrite,0.4136
org.apache.maven.surefire.booter.ForkedBooter.main;org.apache.maven.surefire.booter.ForkedBooter.run;org.apache.maven.surefire.booter.ForkedBooter.execute;org.apache.maven.surefire.booter.ForkedBooter.runSuitesInProcess;org.apache.maven.surefire.junitplatform.JUnitPlatformProvider.invoke;org.apache.maven.surefire.junitplatform.JUnitPlatformProvider.invokeAllTests;org.apache.maven.surefire.junitplatform.JUnitPlatformProvider.execute;org.apache.maven.surefire.junitplatform.LauncherAdapter.execute;org.apache.maven.surefire.junitplatform.LauncherAdapter.executeWithoutCancellationToken;org.apache.commons.compress.harmony.unpack200.ArchiveTest.testWithSql;org.apache.commons.compress.harmony.unpack200.Archive.unpack;org.apache.commons.compress.harmony.unpack200.Segment.unpack;org.apache.commons.compress.harmony.unpack200.Segment.unpackProcess;org.apache.commons.compress.harmony.unpack200.Segment.parseSegment;org.apache.commons.compress.harmony.unpack200.Segment.buildClassFile,0.4136
org.apache.maven.surefire.booter.ForkedBooter.main;org.apache.maven.surefire.booter.ForkedBooter.run;org.apache.maven.surefire.booter.ForkedBooter.execute;org.apache.maven.surefire.booter.ForkedBooter.runSuitesInProcess;org.apache.maven.surefire.junitplatform.JUnitPlatformProvider.invoke;org.apache.maven.surefire.junitplatform.JUnitPlatformProvider.invokeAllTests;org.apache.maven.surefire.junitplatform.JUnitPlatformProvider.execute;org.apache.maven.surefire.junitplatform.LauncherAdapter.execute;org.apache.maven.surefire.junitplatform.LauncherAdapter.executeWithoutCancellationToken;org.apache.maven.surefire.junitplatform.RunListenerAdapter.executionFinished;org.apache.maven.surefire.api.booter.ForkingRunListener.testSucceeded;org.apache.maven.surefire.booter.spi.EventChannelEncoder.testSucceeded;org.apache.maven.surefire.booter.spi.EventChannelEncoder.encode;org.apache.maven.surefire.booter.spi.EventChannelEncoder.write;org.apache.maven.surefire.api.stream.AbstractStreamEncoder.write;org.apache.maven.surefire.api.util.internal.AbstractNoninterruptibleWritableChannel.write;org.apache.maven.surefire.api.util.internal.AbstractNoninterruptibleWritableChannel.write;org.apache.maven.surefire.api.util.internal.Channels$4.flushImpl,0.4136
org.apache.maven.surefire.booter.ForkedBooter.main;org.apache.maven.surefire.booter.ForkedBooter.run;org.apache.maven.surefire.booter.ForkedBooter.execute;org.apache.maven.surefire.booter.ForkedBooter.runSuitesInProcess;org.apache.maven.surefire.junitplatform.JUnitPlatformProvider.invoke;org.apache.maven.surefire.junitplatform.JUnitPlatformProvider.invokeAllTests;org.apache.maven.surefire.junitplatform.JUnitPlatformProvider.execute;org.apache.maven.surefire.junitplatform.LauncherAdapter.execute;org.apache.maven.surefire.junitplatform.LauncherAdapter.executeWithoutCancellationToken;org.apache.commons.compress.harmony.unpack200.ArchiveTest.testAlternativeConstructor;org.apache.commons.compress.harmony.unpack200.Archive.unpack;org.apache.commons.compress.harmony.unpack200.Segment.unpack;org.apache.commons.compress.harmony.unpack200.Segment.unpackProcess;org.apache.commons.compress.harmony.unpack200.Segment.parseSegment;org.apache.commons.compress.harmony.unpack200.Segment.buildClassFile;org.apache.commons.compress.harmony.unpack200.IcBands.getRelevantIcTuples,0.4136
org.apache.maven.surefire.booter.ForkedBooter.main;org.apache.maven.surefire.booter.ForkedBooter.run;org.apache.maven.surefire.booter.ForkedBooter.execute;org.apache.maven.surefire.booter.ForkedBooter.runSuitesInProcess;org.apache.maven.surefire.junitplatform.JUnitPlatformProvider.invoke;org.apache.maven.surefire.junitplatform.JUnitPlatformProvider.invokeAllTests;org.apache.maven.surefire.junitplatform.JUnitPlatformProvider.execute;org.apache.maven.surefire.junitplatform.LauncherAdapter.execute;org.apache.maven.surefire.junitplatform.LauncherAdapter.executeWithoutCancellationToken;org.apache.maven.surefire.junitplatform.RunListenerAdapter.executionStarted;org.apache.maven.surefire.junitplatform.RunListenerAdapter.createReportEntry;org.apache.maven.surefire.junitplatform.RunListenerAdapter.createReportEntry;org.apache.maven.surefire.junitplatform.RunListenerAdapter.createReportEntry;org.apache.maven.surefire.report.ClassMethodIndexer.indexClassMethod;org.apache.maven.surefire.report.ClassMethodIndexer$$Lambda/0x000000005a14d0a8.apply;org.apache.maven.surefire.report.ClassMethodIndexer.lambda$indexClassMethod$0,0.4136
org.apache.maven.surefire.booter.ForkedBooter.main;org.apache.maven.surefire.booter.ForkedBooter.run;org.apache.maven.surefire.booter.ForkedBooter.execute;org.apache.maven.surefire.booter.ForkedBooter.runSuitesInProcess;org.apache.maven.surefire.junitplatform.JUnitPlatformProvider.invoke;org.apache.maven.surefire.junitplatform.JUnitPlatformProvider.invokeAllTests;org.apache.maven.surefire.junitplatform.JUnitPlatformProvider.execute;org.apache.maven.surefire.junitplatform.LauncherAdapter.execute;org.apache.maven.surefire.junitplatform.LauncherAdapter.executeWithoutCancellationToken,8.2713
org.apache.maven.surefire.booter.ForkedBooter.main;org.apache.maven.surefire.booter.ForkedBooter.run;org.apache.maven.surefire.booter.ForkedBooter.execute;org.apache.maven.surefire.booter.ForkedBooter.runSuitesInProcess;org.apache.maven.surefire.junitplatform.JUnitPlatformProvider.invoke;org.apache.maven.surefire.junitplatform.JUnitPlatformProvider.invokeAllTests;org.apache.maven.surefire.junitplatform.JUnitPlatformProvider.execute;org.apache.maven.surefire.junitplatform.LauncherAdapter.execute;org.apache.maven.surefire.junitplatform.LauncherAdapter.executeWithoutCancellationToken;org.apache.commons.compress.utils.TimeUtilsTest.truncateFileTimeProvider,0.4136
org.apache.maven.surefire.booter.ForkedBooter.main;org.apache.maven.surefire.booter.ForkedBooter.run;org.apache.maven.surefire.booter.ForkedBooter.execute;org.apache.maven.surefire.booter.ForkedBooter.runSuitesInProcess;org.apache.maven.surefire.junitplatform.JUnitPlatformProvider.invoke;org.apache.maven.surefire.junitplatform.JUnitPlatformProvider.invokeAllTests;org.apache.maven.surefire.junitplatform.JUnitPlatformProvider.execute;org.apache.maven.surefire.junitplatform.LauncherAdapter.execute;org.apache.maven.surefire.junitplatform.LauncherAdapter.executeWithoutCancellationToken;org.apache.maven.surefire.junitplatform.RunListenerAdapter.executionFinished;org.apache.maven.surefire.junitplatform.RunListenerAdapter.createReportEntry;org.apache.maven.surefire.junitplatform.RunListenerAdapter.createReportEntry;org.apache.maven.surefire.junitplatform.RunListenerAdapter.toClassMethodName;org.apache.maven.surefire.shared.lang3.StringUtils.isNotBlank;org.apache.maven.surefire.shared.lang3.StringUtils.isBlank,0.4136
org.apache.maven.surefire.booter.ForkedBooter.main;org.apache.maven.surefire.booter.ForkedBooter.run;org.apache.maven.surefire.booter.ForkedBooter.execute;org.apache.maven.surefire.booter.ForkedBooter.runSuitesInProcess;org.apache.maven.surefire.junitplatform.JUnitPlatformProvider.invoke;org.apache.maven.surefire.junitplatform.JUnitPlatformProvider.invokeAllTests;org.apache.maven.surefire.junitplatform.JUnitPlatformProvider.execute;org.apache.maven.surefire.junitplatform.LauncherAdapter.execute;org.apache.maven.surefire.junitplatform.LauncherAdapter.executeWithoutCancellationToken;org.apache.commons.compress.utils.IOUtilsTest.testCopy_inputStreamToOutputStream_IO84;org.apache.commons.compress.utils.IOUtils.copy;org.apache.commons.io.IOUtils.copy;org.apache.commons.io.IOUtils.copyLarge;org.apache.commons.io.IOUtils.copy;org.apache.commons.io.IOUtils.copyLarge,0.8271
org.apache.maven.surefire.booter.ForkedBooter.main;org.apache.maven.surefire.booter.ForkedBooter.run;org.apache.maven.surefire.booter.ForkedBooter.execute;org.apache.maven.surefire.booter.ForkedBooter.runSuitesInProcess;org.apache.maven.surefire.junitplatform.JUnitPlatformProvider.invoke;org.apache.maven.surefire.junitplatform.JUnitPlatformProvider.invokeAllTests;org.apache.maven.surefire.junitplatform.JUnitPlatformProvider.execute;org.apache.maven.surefire.junitplatform.LauncherAdapter.execute;org.apache.maven.surefire.junitplatform.LauncherAdapter.executeWithoutCancellationToken;org.apache.commons.compress.harmony.unpack200.ArchiveTest.testLoggingOptions;org.apache.commons.compress.harmony.unpack200.Archive.unpack;org.apache.commons.compress.harmony.unpack200.Segment.unpack;org.apache.commons.compress.harmony.unpack200.Segment.unpackProcess;org.apache.commons.compress.harmony.unpack200.Segment.parseSegment;org.apache.commons.compress.harmony.unpack200.Segment.buildClassFile;org.apache.commons.compress.harmony.unpack200.bytecode.ClassConstantPool.addNestedEntries;org.apache.commons.compress.harmony.unpack200.bytecode.ClassConstantPool.add,0.4136
org.apache.maven.surefire.booter.ForkedBooter.main;org.apache.maven.surefire.booter.ForkedBooter.run;org.apache.maven.surefire.booter.ForkedBooter.execute;org.apache.maven.surefire.booter.ForkedBooter.runSuitesInProcess;org.apache.maven.surefire.junitplatform.JUnitPlatformProvider.invoke;org.apache.maven.surefire.junitplatform.JUnitPlatformProvider.invokeAllTests;org.apache.maven.surefire.junitplatform.JUnitPlatformProvider.execute;org.apache.maven.surefire.junitplatform.LauncherAdapter.execute;org.apache.maven.surefire.junitplatform.LauncherAdapter.executeWithoutCancellationToken;org.apache.maven.surefire.junitplatform.RunListenerAdapter.executionFinished;org.apache.maven.surefire.junitplatform.RunListenerAdapter.createReportEntry;org.apache.maven.surefire.junitplatform.RunListenerAdapter.createReportEntry;org.apache.maven.surefire.junitplatform.RunListenerAdapter.toClassMethodName;org.apache.maven.surefire.junitplatform.RunListenerAdapter.findFirstParentContainerAndSourceClass,0.4136
org.apache.maven.surefire.booter.ForkedBooter.main;org.apache.maven.surefire.booter.ForkedBooter.run;org.apache.maven.surefire.booter.ForkedBooter.execute;org.apache.maven.surefire.booter.ForkedBooter.runSuitesInProcess;org.apache.maven.surefire.junitplatform.JUnitPlatformProvider.invoke;org.apache.maven.surefire.junitplatform.JUnitPlatformProvider.invokeAllTests;org.apache.maven.surefire.junitplatform.JUnitPlatformProvider.execute;org.apache.maven.surefire.junitplatform.LauncherAdapter.execute;org.apache.maven.surefire.junitplatform.LauncherAdapter.executeWithoutCancellationToken;org.apache.commons.compress.harmony.unpack200.ArchiveTest.testWithJNDIE1,0.4136
org.apache.maven.surefire.booter.ForkedBooter.main;org.apache.maven.surefire.booter.ForkedBooter.run;org.apache.maven.surefire.booter.ForkedBooter.execute;org.apache.maven.surefire.booter.ForkedBooter.runSuitesInProcess;org.apache.maven.surefire.junitplatform.JUnitPlatformProvider.invoke;org.apache.maven.surefire.junitplatform.JUnitPlatformProvider.invokeAllTests;org.apache.maven.surefire.junitplatform.JUnitPlatformProvider.execute;org.apache.maven.surefire.junitplatform.LauncherAdapter.execute;org.apache.maven.surefire.junitplatform.LauncherAdapter.executeWithoutCancellationToken;org.apache.commons.compress.utils.ByteUtilsTest.testFromLittleEndianFromSupplierThrowsForPrematureEnd;org.apache.commons.compress.utils.ByteUtilsTest$$Lambda/0x000000005a415170.execute;org.apache.commons.compress.utils.ByteUtilsTest.lambda$testFromLittleEndianFromSupplierThrowsForPrematureEnd$0,0.4136
org.apache.maven.surefire.booter.ForkedBooter.main;org.apache.maven.surefire.booter.ForkedBooter.run;org.apache.maven.surefire.booter.ForkedBooter.execute;org.apache.maven.surefire.booter.ForkedBooter.runSuitesInProcess;org.apache.maven.surefire.junitplatform.JUnitPlatformProvider.invoke;org.apache.maven.surefire.junitplatform.JUnitPlatformProvider.invokeAllTests;org.apache.maven.surefire.junitplatform.JUnitPlatformProvider.execute;org.apache.maven.surefire.junitplatform.LauncherAdapter.execute;org.apache.maven.surefire.junitplatform.LauncherAdapter.executeWithoutCancellationToken;org.apache.maven.surefire.junitplatform.RunListenerAdapter.executionFinished;org.apache.maven.surefire.junitplatform.RunListenerAdapter.createReportEntry;org.apache.maven.surefire.junitplatform.RunListenerAdapter.createReportEntry;org.apache.maven.surefire.junitplatform.RunListenerAdapter.toClassMethodName;org.apache.maven.surefire.junitplatform.RunListenerAdapter.findTopParent,0.8271
org.apache.maven.surefire.booter.ForkedBooter.main;org.apache.maven.surefire.booter.ForkedBooter.run;org.apache.maven.surefire.booter.ForkedBooter.execute;org.apache.maven.surefire.booter.ForkedBooter.runSuitesInProcess;org.apache.maven.surefire.junitplatform.JUnitPlatformProvider.invoke;org.apache.maven.surefire.junitplatform.JUnitPlatformProvider.invokeAllTests;org.apache.maven.surefire.junitplatform.JUnitPlatformProvider.execute;org.apache.maven.surefire.junitplatform.LauncherAdapter.execute;org.apache.maven.surefire.junitplatform.LauncherAdapter.executeWithoutCancellationToken;org.apache.commons.compress.utils.IOUtilsTest.testCopy_inputStreamToOutputStream_IO84;org.apache.commons.compress.utils.IOUtils.copy;org.apache.commons.io.IOUtils.copy;org.apache.commons.io.IOUtils.copyLarge;org.apache.commons.io.IOUtils.copy;org.apache.commons.io.IOUtils.copyLarge;org.apache.commons.io.output.NullOutputStream.write,0.4136
org.apache.maven.surefire.booter.ForkedBooter.main;org.apache.maven.surefire.booter.ForkedBooter.run;org.apache.maven.surefire.booter.ForkedBooter.execute;org.apache.maven.surefire.booter.ForkedBooter.runSuitesInProcess;org.apache.maven.surefire.junitplatform.JUnitPlatformProvider.invoke;org.apache.maven.surefire.junitplatform.JUnitPlatformProvider.invokeAllTests;org.apache.maven.surefire.junitplatform.JUnitPlatformProvider.execute;org.apache.maven.surefire.junitplatform.LauncherAdapter.execute;org.apache.maven.surefire.junitplatform.LauncherAdapter.executeWithoutCancellationToken;org.apache.commons.compress.harmony.unpack200.ArchiveTest.testWithSqlE1;org.apache.commons.compress.harmony.unpack200.Archive.unpack;org.apache.commons.compress.harmony.unpack200.Segment.unpack;org.apache.commons.compress.harmony.unpack200.Segment.unpackProcess;org.apache.commons.compress.harmony.unpack200.Segment.parseSegment;org.apache.commons.compress.harmony.unpack200.bytecode.ClassFile.write;org.apache.commons.compress.harmony.unpack200.bytecode.ClassFileEntry.write;org.apache.commons.compress.harmony.unpack200.bytecode.CPMember.doWrite;org.apache.commons.compress.harmony.unpack200.bytecode.Attribute.doWrite;org.apache.commons.compress.harmony.unpack200.bytecode.CodeAttribute.getLength,0.4136
org.apache.maven.surefire.booter.ForkedBooter.main;org.apache.maven.surefire.booter.ForkedBooter.run;org.apache.maven.surefire.booter.ForkedBooter.execute;org.apache.maven.surefire.booter.ForkedBooter.runSuitesInProcess;org.apache.maven.surefire.junitplatform.JUnitPlatformProvider.invoke;org.apache.maven.surefire.junitplatform.JUnitPlatformProvider.invokeAllTests;org.apache.maven.surefire.junitplatform.JUnitPlatformProvider.execute;org.apache.maven.surefire.junitplatform.LauncherAdapter.execute;org.apache.maven.surefire.junitplatform.LauncherAdapter.executeWithoutCancellationToken;org.apache.commons.compress.harmony.unpack200.SegmentTest.testInterfaceOnly;org.apache.commons.compress.harmony.unpack200.Segment.unpack;org.apache.commons.compress.harmony.unpack200.Segment.unpackRead;org.apache.commons.compress.harmony.unpack200.Segment.readSegment;org.apache.commons.compress.harmony.unpack200.AttrDefinitionBands.read;org.apache.commons.compress.harmony.unpack200.AttributeLayoutMap.checkMap,0.4136
org.apache.maven.surefire.booter.ForkedBooter.main;org.apache.maven.surefire.booter.ForkedBooter.run;org.apache.maven.surefire.booter.ForkedBooter.execute;org.apache.maven.surefire.booter.ForkedBooter.runSuitesInProcess;org.apache.maven.surefire.junitplatform.JUnitPlatformProvider.invoke;org.apache.maven.surefire.junitplatform.JUnitPlatformProvider.invokeAllTests;org.apache.maven.surefire.junitplatform.JUnitPlatformProvider.execute;org.apache.maven.surefire.junitplatform.LauncherAdapter.execute;org.apache.maven.surefire.junitplatform.LauncherAdapter.executeWithoutCancellationToken;org.apache.commons.compress.harmony.unpack200.ArchiveTest.testWithLargeClass;org.apache.commons.compress.harmony.unpack200.Archive.unpack;org.apache.commons.compress.harmony.unpack200.Segment.unpack;org.apache.commons.compress.harmony.unpack200.Segment.unpackWrite;org.apache.commons.compress.harmony.unpack200.Segment.writeJar,0.4136
org.apache.maven.surefire.booter.ForkedBooter.main;org.apache.maven.surefire.booter.ForkedBooter.run;org.apache.maven.surefire.booter.ForkedBooter.execute;org.apache.maven.surefire.booter.ForkedBooter.runSuitesInProcess;org.apache.maven.surefire.junitplatform.JUnitPlatformProvider.invoke;org.apache.maven.surefire.junitplatform.JUnitPlatformProvider.invokeAllTests;org.apache.maven.surefire.junitplatform.JUnitPlatformProvider.execute;org.apache.maven.surefire.junitplatform.LauncherAdapter.execute;org.apache.maven.surefire.junitplatform.LauncherAdapter.executeWithoutCancellationToken;org.apache.commons.compress.harmony.unpack200.ArchiveTest.testWithJNDIE1;org.apache.commons.compress.harmony.unpack200.Archive.unpack;org.apache.commons.compress.harmony.unpack200.Segment.unpack;org.apache.commons.compress.harmony.unpack200.Segment.unpackProcess;org.apache.commons.compress.harmony.unpack200.Segment.parseSegment;org.apache.commons.compress.harmony.unpack200.Segment.buildClassFile;org.apache.commons.compress.harmony.unpack200.bytecode.ClassConstantPool.resolve;org.apache.commons.compress.harmony.unpack200.bytecode.ClassConstantPool$$Lambda/0x000000005a3fb768.accept;org.apache.commons.compress.harmony.unpack200.bytecode.ClassConstantPool.lambda$resolve$1;org.apache.commons.compress.harmony.unpack200.bytecode.CPMember.resolve;org.apache.commons.compress.harmony.unpack200.bytecode.CPMember$$Lambda/0x000000005a3fb9a8.accept;org.apache.commons.compress.harmony.unpack200.bytecode.CPMember.lambda$resolve$0;org.apache.commons.compress.harmony.unpack200.bytecode.CodeAttribute.resolve;org.apache.commons.compress.harmony.unpack200.bytecode.CodeAttribute$$Lambda/0x000000005a3fbe28.accept;org.apache.commons.compress.harmony.unpack200.bytecode.CodeAttribute.lambda$resolve$1;org.apache.commons.compress.harmony.unpack200.bytecode.ByteCode.resolve;org.apache.commons.compress.harmony.unpack200.bytecode.ClassConstantPool.indexOf,0.4136
org.apache.maven.surefire.booter.ForkedBooter.main;org.apache.maven.surefire.booter.ForkedBooter.run;org.apache.maven.surefire.booter.ForkedBooter.execute;org.apache.maven.surefire.booter.ForkedBooter.runSuitesInProcess;org.apache.maven.surefire.junitplatform.JUnitPlatformProvider.invoke;org.apache.maven.surefire.junitplatform.JUnitPlatformProvider.invokeAllTests;org.apache.maven.surefire.junitplatform.JUnitPlatformProvider.execute;org.apache.maven.surefire.junitplatform.LauncherAdapter.execute;org.apache.maven.surefire.junitplatform.LauncherAdapter.executeWithoutCancellationToken;org.apache.maven.surefire.junitplatform.RunListenerAdapter.executionStarted,0.4136
org.apache.maven.surefire.booter.ForkedBooter.main;org.apache.maven.surefire.booter.ForkedBooter.run;org.apache.maven.surefire.booter.ForkedBooter.execute;org.apache.maven.surefire.booter.ForkedBooter.runSuitesInProcess;org.apache.maven.surefire.junitplatform.JUnitPlatformProvider.invoke;org.apache.maven.surefire.junitplatform.JUnitPlatformProvider.invokeAllTests;org.apache.maven.surefire.junitplatform.JUnitPlatformProvider.execute;org.apache.maven.surefire.junitplatform.LauncherAdapter.execute;org.apache.maven.surefire.junitplatform.LauncherAdapter.executeWithoutCancellationToken;org.apache.commons.compress.harmony.unpack200.ArchiveTest.testLoggingOptions;org.apache.commons.compress.harmony.unpack200.Archive.unpack;org.apache.commons.compress.harmony.unpack200.Segment.unpack;org.apache.commons.compress.harmony.unpack200.Segment.unpackProcess;org.apache.commons.compress.harmony.unpack200.Segment.parseSegment;org.apache.commons.compress.harmony.unpack200.BcBands.unpack;org.apache.commons.compress.harmony.unpack200.SegmentUtils.countInvokeInterfaceArgs,0.4136
org.apache.maven.surefire.booter.ForkedBooter.main;org.apache.maven.surefire.booter.ForkedBooter.run;org.apache.maven.surefire.booter.ForkedBooter.execute;org.apache.maven.surefire.booter.ForkedBooter.runSuitesInProcess;org.apache.maven.surefire.junitplatform.JUnitPlatformProvider.invoke;org.apache.maven.surefire.junitplatform.JUnitPlatformProvider.invokeAllTests;org.apache.maven.surefire.junitplatform.JUnitPlatformProvider.execute;org.apache.maven.surefire.junitplatform.LauncherAdapter.execute;org.apache.maven.surefire.junitplatform.LauncherAdapter.executeWithoutCancellationToken;org.apache.commons.compress.harmony.unpack200.SegmentTest.testParsingOOMUnounded;org.apache.commons.compress.harmony.unpack200.SegmentTest$$Lambda/0x000000005a414688.execute;org.apache.commons.compress.harmony.unpack200.SegmentTest.lambda$testParsingOOMUnounded$0;org.apache.commons.compress.harmony.unpack200.Segment.unpack;org.apache.commons.compress.harmony.unpack200.Segment.unpackRead;org.apache.commons.compress.harmony.unpack200.Segment.readSegment;org.apache.commons.compress.harmony.unpack200.CpBands.read;org.apache.commons.compress.harmony.unpack200.CpBands.parseCpSignature;org.apache.commons.compress.harmony.unpack200.BandSet.parseReferences;org.apache.commons.compress.harmony.unpack200.BandSet.parseReferences,0.4136
org.apache.maven.surefire.booter.ForkedBooter.main;org.apache.maven.surefire.booter.ForkedBooter.run;org.apache.maven.surefire.booter.ForkedBooter.execute;org.apache.maven.surefire.booter.ForkedBooter.runSuitesInProcess;org.apache.maven.surefire.junitplatform.JUnitPlatformProvider.invoke;org.apache.maven.surefire.junitplatform.JUnitPlatformProvider.invokeAllTests;org.apache.maven.surefire.junitplatform.JUnitPlatformProvider.execute;org.apache.maven.surefire.junitplatform.LauncherAdapter.execute;org.apache.maven.surefire.junitplatform.LauncherAdapter.executeWithoutCancellationToken;org.apache.commons.compress.harmony.unpack200.ArchiveTest.testAlternativeConstructor;org.apache.commons.compress.harmony.unpack200.Archive.unpack;org.apache.commons.compress.harmony.unpack200.Segment.unpack;org.apache.commons.compress.harmony.unpack200.Segment.unpackRead;org.apache.commons.compress.harmony.unpack200.Segment.readSegment;org.apache.commons.compress.harmony.unpack200.CpBands.read;org.apache.commons.compress.harmony.unpack200.CpBands.parseCpSignature,0.4136
org.apache.maven.surefire.booter.ForkedBooter.main;org.apache.maven.surefire.booter.ForkedBooter.run;org.apache.maven.surefire.booter.ForkedBooter.execute;org.apache.maven.surefire.booter.ForkedBooter.runSuitesInProcess;org.apache.maven.surefire.junitplatform.JUnitPlatformProvider.invoke;org.apache.maven.surefire.junitplatform.JUnitPlatformProvider.invokeAllTests;org.apache.maven.surefire.junitplatform.JUnitPlatformProvider.execute;org.apache.maven.surefire.junitplatform.LauncherAdapter.execute;org.apache.maven.surefire.junitplatform.LauncherAdapter.executeWithoutCancellationToken;org.apache.commons.compress.harmony.unpack200.ArchiveTest.testWithJNDIE1;org.apache.commons.compress.harmony.unpack200.Archive.unpack;org.apache.commons.compress.harmony.unpack200.Segment.unpack;org.apache.commons.compress.harmony.unpack200.Segment.unpackRead;org.apache.commons.compress.harmony.unpack200.Segment.readSegment;org.apache.commons.compress.harmony.unpack200.CpBands.read;org.apache.commons.compress.harmony.unpack200.CpBands.parseCpDouble;org.apache.commons.compress.harmony.unpack200.CpBands$$Lambda/0x000000005a3b4b08.<init>,0.4136
org.apache.maven.surefire.booter.ForkedBooter.main;org.apache.maven.surefire.booter.ForkedBooter.run;org.apache.maven.surefire.booter.ForkedBooter.execute;org.apache.maven.surefire.booter.ForkedBooter.runSuitesInProcess;org.apache.maven.surefire.junitplatform.JUnitPlatformProvider.invoke;org.apache.maven.surefire.junitplatform.JUnitPlatformProvider.invokeAllTests;org.apache.maven.surefire.junitplatform.JUnitPlatformProvider.execute;org.apache.maven.surefire.junitplatform.LauncherAdapter.execute;org.apache.maven.surefire.junitplatform.LauncherAdapter.executeWithoutCancellationToken;org.apache.commons.compress.harmony.unpack200.ArchiveTest.testWithJNDIE1;org.apache.commons.compress.harmony.unpack200.Archive.unpack;org.apache.commons.compress.harmony.unpack200.Segment.unpack;org.apache.commons.compress.harmony.unpack200.Segment.unpackProcess;org.apache.commons.compress.harmony.unpack200.Segment.parseSegment;org.apache.commons.compress.harmony.unpack200.Segment.buildClassFile;org.apache.commons.compress.harmony.unpack200.bytecode.ClassConstantPool.addNestedEntries;org.apache.commons.compress.harmony.unpack200.bytecode.ClassConstantPool.add,0.4136
org.apache.maven.surefire.booter.ForkedBooter.main;org.apache.maven.surefire.booter.ForkedBooter.run;org.apache.maven.surefire.booter.ForkedBooter.execute;org.apache.maven.surefire.booter.ForkedBooter.runSuitesInProcess;org.apache.maven.surefire.junitplatform.JUnitPlatformProvider.invoke;org.apache.maven.surefire.junitplatform.JUnitPlatformProvider.invokeAllTests;org.apache.maven.surefire.junitplatform.JUnitPlatformProvider.execute;org.apache.maven.surefire.junitplatform.LauncherAdapter.execute;org.apache.maven.surefire.junitplatform.LauncherAdapter.executeWithoutCancellationToken;org.apache.commons.compress.harmony.unpack200.ArchiveTest.testLoggingOptions;org.apache.commons.compress.harmony.unpack200.Archive.unpack;org.apache.commons.compress.harmony.unpack200.Segment.unpack;org.apache.commons.compress.harmony.unpack200.Segment.unpackProcess;org.apache.commons.compress.harmony.unpack200.Segment.parseSegment;org.apache.commons.compress.harmony.unpack200.Segment.buildClassFile;org.apache.commons.compress.harmony.unpack200.CpBands.cpSignatureValue,0.4136
org.apache.maven.surefire.booter.ForkedBooter.main;org.apache.maven.surefire.booter.ForkedBooter.run;org.apache.maven.surefire.booter.ForkedBooter.execute;org.apache.maven.surefire.booter.ForkedBooter.runSuitesInProcess;org.apache.maven.surefire.junitplatform.JUnitPlatformProvider.invoke;org.apache.maven.surefire.junitplatform.JUnitPlatformProvider.invokeAllTests;org.apache.maven.surefire.junitplatform.JUnitPlatformProvider.execute;org.apache.maven.surefire.junitplatform.LauncherAdapter.execute;org.apache.maven.surefire.junitplatform.LauncherAdapter.executeWithoutCancellationToken;org.apache.commons.compress.utils.MultiReadOnlySeekableByteChannelTest.testThrowsClosedChannelExceptionWhenSizeIsReadOnClosedChannel,0.4136
org.apache.maven.surefire.booter.ForkedBooter.main;org.apache.maven.surefire.booter.ForkedBooter.run;org.apache.maven.surefire.booter.ForkedBooter.execute;org.apache.maven.surefire.booter.ForkedBooter.runSuitesInProcess;org.apache.maven.surefire.junitplatform.JUnitPlatformProvider.invoke;org.apache.maven.surefire.junitplatform.JUnitPlatformProvider.invokeAllTests;org.apache.maven.surefire.junitplatform.JUnitPlatformProvider.execute;org.apache.maven.surefire.junitplatform.LauncherAdapter.execute;org.apache.maven.surefire.junitplatform.LauncherAdapter.executeWithoutCancellationToken;org.apache.commons.compress.harmony.unpack200.ArchiveTest.testWithJNDIE1;org.apache.commons.compress.harmony.unpack200.Archive.unpack;org.apache.commons.compress.harmony.unpack200.Segment.unpack;org.apache.commons.compress.harmony.unpack200.Segment.unpackProcess;org.apache.commons.compress.harmony.unpack200.Segment.parseSegment;org.apache.commons.compress.harmony.unpack200.bytecode.ClassFile.write;org.apache.commons.compress.harmony.unpack200.bytecode.ConstantPoolEntry.doWrite,0.4136
org.apache.maven.surefire.booter.ForkedBooter.main;org.apache.maven.surefire.booter.ForkedBooter.run;org.apache.maven.surefire.booter.ForkedBooter.execute;org.apache.maven.surefire.booter.ForkedBooter.runSuitesInProcess;org.apache.maven.surefire.junitplatform.JUnitPlatformProvider.invoke;org.apache.maven.surefire.junitplatform.JUnitPlatformProvider.invokeAllTests;org.apache.maven.surefire.junitplatform.JUnitPlatformProvider.execute;org.apache.maven.surefire.junitplatform.LauncherAdapter.execute;org.apache.maven.surefire.junitplatform.LauncherAdapter.executeWithoutCancellationToken;org.apache.commons.compress.harmony.unpack200.ArchiveTest.testLoggingOptions;org.apache.commons.compress.harmony.unpack200.Archive.unpack;org.apache.commons.compress.harmony.unpack200.Segment.unpack;org.apache.commons.compress.harmony.unpack200.Segment.unpackWrite;org.apache.commons.compress.harmony.unpack200.Segment.writeJar,0.4136
org.apache.maven.surefire.booter.ForkedBooter.main;org.apache.maven.surefire.booter.ForkedBooter.run;org.apache.maven.surefire.booter.ForkedBooter.execute;org.apache.maven.surefire.booter.ForkedBooter.runSuitesInProcess;org.apache.maven.surefire.junitplatform.JUnitPlatformProvider.invoke;org.apache.maven.surefire.junitplatform.JUnitPlatformProvider.invokeAllTests;org.apache.maven.surefire.junitplatform.JUnitPlatformProvider.execute;org.apache.maven.surefire.junitplatform.LauncherAdapter.execute;org.apache.maven.surefire.junitplatform.LauncherAdapter.executeWithoutCancellationToken;org.apache.maven.surefire.junitplatform.RunListenerAdapter.executionStarted;org.apache.maven.surefire.api.booter.ForkingRunListener.testStarting;org.apache.maven.surefire.booter.spi.EventChannelEncoder.testStarting;org.apache.maven.surefire.booter.spi.EventChannelEncoder.encode;org.apache.maven.surefire.booter.spi.EventChannelEncoder.write;org.apache.maven.surefire.api.stream.AbstractStreamEncoder.write;org.apache.maven.surefire.api.util.internal.AbstractNoninterruptibleWritableChannel.write;org.apache.maven.surefire.api.util.internal.AbstractNoninterruptibleWritableChannel.write;org.apache.maven.surefire.api.util.internal.Channels$4.flushImpl,0.4136
org.apache.maven.surefire.booter.ForkedBooter.main;org.apache.maven.surefire.booter.ForkedBooter.run;org.apache.maven.surefire.booter.ForkedBooter.execute;org.apache.maven.surefire.booter.ForkedBooter.runSuitesInProcess;org.apache.maven.surefire.junitplatform.JUnitPlatformProvider.invoke;org.apache.maven.surefire.junitplatform.JUnitPlatformProvider.invokeAllTests;org.apache.maven.surefire.junitplatform.JUnitPlatformProvider.execute;org.apache.maven.surefire.junitplatform.LauncherAdapter.execute;org.apache.maven.surefire.junitplatform.LauncherAdapter.executeWithoutCancellationToken;org.apache.commons.compress.harmony.unpack200.ArchiveTest.testAlternativeConstructor;org.apache.commons.compress.harmony.unpack200.Archive.unpack;org.apache.commons.compress.harmony.unpack200.Segment.unpack;org.apache.commons.compress.harmony.unpack200.Segment.unpackProcess;org.apache.commons.compress.harmony.unpack200.Segment.parseSegment;org.apache.commons.compress.harmony.unpack200.Segment.buildClassFile;org.apache.commons.compress.harmony.unpack200.bytecode.ClassConstantPool.addNestedEntries;org.apache.commons.compress.harmony.unpack200.bytecode.ByteCode.nestedMustStartClassPool,0.4136
org.apache.maven.surefire.booter.ForkedBooter.main;org.apache.maven.surefire.booter.ForkedBooter.run;org.apache.maven.surefire.booter.ForkedBooter.execute;org.apache.maven.surefire.booter.ForkedBooter.runSuitesInProcess;org.apache.maven.surefire.junitplatform.JUnitPlatformProvider.invoke;org.apache.maven.surefire.junitplatform.JUnitPlatformProvider.invokeAllTests;org.apache.maven.surefire.junitplatform.JUnitPlatformProvider.execute;org.apache.maven.surefire.junitplatform.LauncherAdapter.execute;org.apache.maven.surefire.junitplatform.LauncherAdapter.executeWithoutCancellationToken;org.apache.commons.compress.harmony.unpack200.ArchiveTest.testLoggingOptions;org.apache.commons.compress.harmony.unpack200.Archive.unpack;org.apache.commons.compress.harmony.unpack200.Segment.unpack;org.apache.commons.compress.harmony.unpack200.Segment.unpackProcess;org.apache.commons.compress.harmony.unpack200.Segment.parseSegment;org.apache.commons.compress.harmony.unpack200.Segment.buildClassFile;org.apache.commons.compress.harmony.unpack200.bytecode.ClassConstantPool.addNestedEntries,0.8271
org.apache.maven.surefire.booter.ForkedBooter.main;org.apache.maven.surefire.booter.ForkedBooter.run;org.apache.maven.surefire.booter.ForkedBooter.execute;org.apache.maven.surefire.booter.ForkedBooter.runSuitesInProcess;org.apache.maven.surefire.junitplatform.JUnitPlatformProvider.invoke;org.apache.maven.surefire.junitplatform.JUnitPlatformProvider.invokeAllTests;org.apache.maven.surefire.junitplatform.JUnitPlatformProvider.execute;org.apache.maven.surefire.junitplatform.LauncherAdapter.execute;org.apache.maven.surefire.junitplatform.LauncherAdapter.executeWithoutCancellationToken;org.apache.commons.compress.utils.ChecksumCalculatingInputStreamTest.testReadTakingByteArray,0.4136
org.apache.maven.surefire.booter.ForkedBooter.main;org.apache.maven.surefire.booter.ForkedBooter.run;org.apache.maven.surefire.booter.ForkedBooter.execute;org.apache.maven.surefire.booter.ForkedBooter.runSuitesInProcess;org.apache.maven.surefire.junitplatform.JUnitPlatformProvider.invoke;org.apache.maven.surefire.junitplatform.JUnitPlatformProvider.invokeAllTests;org.apache.maven.surefire.junitplatform.JUnitPlatformProvider.execute;org.apache.maven.surefire.junitplatform.LauncherAdapter.execute;org.apache.maven.surefire.junitplatform.LauncherAdapter.executeWithoutCancellationToken;org.apache.commons.compress.utils.MultiReadOnlySeekableByteChannelTest.testCheckForString;org.apache.commons.compress.utils.MultiReadOnlySeekableByteChannelTest.check;org.apache.commons.compress.utils.MultiReadOnlySeekableByteChannelTest.check;org.apache.commons.compress.utils.MultiReadOnlySeekableByteChannelTest.check;org.apache.commons.compress.utils.MultiReadOnlySeekableByteChannel.position,0.4136
org.apache.maven.surefire.booter.ForkedBooter.main;org.apache.maven.surefire.booter.ForkedBooter.run;org.apache.maven.surefire.booter.ForkedBooter.execute;org.apache.maven.surefire.booter.ForkedBooter.runSuitesInProcess;org.apache.maven.surefire.junitplatform.JUnitPlatformProvider.invoke;org.apache.maven.surefire.junitplatform.JUnitPlatformProvider.invokeAllTests;org.apache.maven.surefire.junitplatform.JUnitPlatformProvider.execute;org.apache.maven.surefire.junitplatform.LauncherAdapter.execute;org.apache.maven.surefire.junitplatform.LauncherAdapter.executeWithoutCancellationToken;org.apache.commons.compress.harmony.unpack200.ArchiveTest.testWithSql;org.apache.commons.compress.harmony.unpack200.Archive.unpack;org.apache.commons.compress.harmony.unpack200.Segment.unpack;org.apache.commons.compress.harmony.unpack200.Segment.unpackRead;org.apache.commons.compress.harmony.unpack200.Segment.readSegment;org.apache.commons.compress.harmony.unpack200.CpBands.read;org.apache.commons.compress.harmony.unpack200.CpBands.parseCpUtf8,0.4136
org.apache.maven.surefire.booter.ForkedBooter.main;org.apache.maven.surefire.booter.ForkedBooter.run;org.apache.maven.surefire.booter.ForkedBooter.execute;org.apache.maven.surefire.booter.ForkedBooter.runSuitesInProcess;org.apache.maven.surefire.junitplatform.JUnitPlatformProvider.invoke;org.apache.maven.surefire.junitplatform.JUnitPlatformProvider.invokeAllTests;org.apache.maven.surefire.junitplatform.JUnitPlatformProvider.execute;org.apache.maven.surefire.junitplatform.LauncherAdapter.execute;org.apache.maven.surefire.junitplatform.LauncherAdapter.executeWithoutCancellationToken;org.apache.commons.compress.utils.MultiReadOnlySeekableByteChannelTest.testCheckForString;org.apache.commons.compress.utils.MultiReadOnlySeekableByteChannelTest.check;org.apache.commons.compress.utils.MultiReadOnlySeekableByteChannelTest.check;org.apache.commons.compress.utils.MultiReadOnlySeekableByteChannelTest.check;org.apache.commons.compress.utils.MultiReadOnlySeekableByteChannel.read;org.apache.commons.compress.utils.MultiReadOnlySeekableByteChannel.isOpen,0.4136
org.apache.maven.surefire.booter.ForkedBooter.main;org.apache.maven.surefire.booter.ForkedBooter.run;org.apache.maven.surefire.booter.ForkedBooter.execute;org.apache.maven.surefire.booter.ForkedBooter.runSuitesInProcess;org.apache.maven.surefire.junitplatform.JUnitPlatformProvider.invoke;org.apache.maven.surefire.junitplatform.JUnitPlatformProvider.invokeAllTests;org.apache.maven.surefire.junitplatform.JUnitPlatformProvider.execute;org.apache.maven.surefire.junitplatform.LauncherAdapter.execute;org.apache.maven.surefire.junitplatform.LauncherAdapter.executeWithoutCancellationToken;org.apache.maven.surefire.junitplatform.RunListenerAdapter.executionStarted;org.apache.maven.surefire.junitplatform.RunListenerAdapter.createReportEntry;org.apache.maven.surefire.junitplatform.RunListenerAdapter.createReportEntry;org.apache.maven.surefire.junitplatform.RunListenerAdapter.createReportEntry;org.apache.maven.surefire.junitplatform.RunListenerAdapter.toClassMethodName;org.apache.maven.surefire.junitplatform.RunListenerAdapter$$Lambda/0x000000005a165250.apply;org.apache.maven.surefire.junitplatform.RunListenerAdapter.toClassMethodName,0.4136
org.apache.maven.surefire.booter.ForkedBooter.main;org.apache.maven.surefire.booter.ForkedBooter.run;org.apache.maven.surefire.booter.ForkedBooter.execute;org.apache.maven.surefire.booter.ForkedBooter.runSuitesInProcess;org.apache.maven.surefire.junitplatform.JUnitPlatformProvider.invoke;org.apache.maven.surefire.junitplatform.JUnitPlatformProvider.invokeAllTests;org.apache.maven.surefire.junitplatform.JUnitPlatformProvider.execute;org.apache.maven.surefire.junitplatform.LauncherAdapter.execute;org.apache.maven.surefire.junitplatform.LauncherAdapter.executeWithoutCancellationToken;org.apache.commons.compress.utils.ParsingUtilsTest.testParseLongValueInvalidValues;org.apache.commons.compress.utils.ParsingUtilsTest$$Lambda/0x000000005a41a5e0.execute;org.apache.commons.compress.utils.ParsingUtilsTest.lambda$testParseLongValueInvalidValues$0;org.apache.commons.compress.utils.ParsingUtils.parseLongValue,0.4136
org.apache.maven.surefire.booter.ForkedBooter.main;org.apache.maven.surefire.booter.ForkedBooter.run;org.apache.maven.surefire.booter.ForkedBooter.execute;org.apache.maven.surefire.booter.ForkedBooter.runSuitesInProcess;org.apache.maven.surefire.junitplatform.JUnitPlatformProvider.invoke;org.apache.maven.surefire.junitplatform.JUnitPlatformProvider.invokeAllTests;org.apache.maven.surefire.junitplatform.JUnitPlatformProvider.execute;org.apache.maven.surefire.junitplatform.LauncherAdapter.execute;org.apache.maven.surefire.junitplatform.LauncherAdapter.executeWithoutCancellationToken;org.apache.commons.compress.harmony.unpack200.SegmentTest.testParsingOOMUnounded,0.4136
org.apache.maven.surefire.booter.ForkedBooter.main;org.apache.maven.surefire.booter.ForkedBooter.run;org.apache.maven.surefire.booter.ForkedBooter.execute;org.apache.maven.surefire.booter.ForkedBooter.runSuitesInProcess;org.apache.maven.surefire.junitplatform.JUnitPlatformProvider.invoke;org.apache.maven.surefire.junitplatform.JUnitPlatformProvider.invokeAllTests;org.apache.maven.surefire.junitplatform.JUnitPlatformProvider.execute;org.apache.maven.surefire.junitplatform.LauncherAdapter.execute;org.apache.maven.surefire.junitplatform.LauncherAdapter.executeWithoutCancellationToken;org.apache.commons.compress.harmony.unpack200.ArchiveTest.testWithSql;org.apache.commons.compress.harmony.unpack200.Archive.unpack;org.apache.commons.compress.harmony.unpack200.Segment.unpack;org.apache.commons.compress.harmony.unpack200.Segment.unpackProcess;org.apache.commons.compress.harmony.unpack200.Segment.parseSegment;org.apache.commons.compress.harmony.unpack200.bytecode.ClassFile.write;org.apache.commons.compress.harmony.unpack200.bytecode.ClassFileEntry.write;org.apache.commons.compress.harmony.unpack200.bytecode.CPMember.doWrite;org.apache.commons.compress.harmony.unpack200.bytecode.Attribute.doWrite;org.apache.commons.compress.harmony.unpack200.bytecode.ExceptionsAttribute.writeBody,0.4136
org.apache.maven.surefire.booter.CommandReader$CommandRunnable.run;org.apache.maven.surefire.booter.spi.CommandChannelDecoder.decode;org.apache.maven.surefire.booter.stream.CommandDecoder.decode;org.apache.maven.surefire.api.stream.AbstractStreamDecoder.readMessageType;org.apache.maven.surefire.api.stream.AbstractStreamDecoder.read;org.apache.maven.surefire.api.stream.AbstractStreamDecoder.read;org.apache.maven.surefire.api.util.internal.AbstractNoninterruptibleReadableChannel.read;org.apache.maven.surefire.api.util.internal.Channels$3.readImpl,0.0000
